50PLUS,1,Jan Struijs,M,,,,,,
50PLUS,2,Corrie van Brenk-van Barneveld,V,,https://www.linkedin.com/in/cvanbrenk/,https://x.com/cvanbrenk?lang=en,,https://www.facebook.com/corrie.vanbarnevelf,
50PLUS,3,Martine Baay-Timmerman,V,,,,,,
50PLUS,4,Henk van Tilborg,M,,,,,,
50PLUS,5,Ruud van Acquoij,M,,,,,,
50PLUS,6,Wilma van den Heuvel,V,,https://www.linkedin.com/in/wilma-berkhout-89a8653b/,,,,
50PLUS,7,Anne Marie Fischer,V,,,,,https://www.facebook.com/annemarie.fischer.75,
50PLUS,8,Anneke van der Helm-Chandansingh,V,https://annekevanderhelm.nl/,https://nl.linkedin.com/in/annekevanderhelm,,https://www.instagram.com/annekevanderhelm5990?igsh=MWNmc2trY3NrYm9pcA==,,
50PLUS,9,Anton van Straten,M,,,,,,
50PLUS,10,Bennie van Est,M,,,,,,
50PLUS,11,Alfons Leerkes,M,,,,,,
50PLUS,12,Jaap Engel,M,,,,,,
50PLUS,13,Jan Frans Brouwers,M,,,,,,
50PLUS,14,Jan van der Starre,M,,,,,,
50PLUS,15,Marita van Lierop-van Leuken,V,,,,,https://www.facebook.com/marita.vanlierop,
50PLUS,16,Marinus Kasteleijn,M,,,,,,
50PLUS,17,Mieke Hoek,V,,,https://x.com/miekehoek?lang=en,,,
50PLUS,18,Adriana Hernández Martínez,V,,,,,https://www.facebook.com/50PLUSPartijAdrianaHernandez/?locale=ka_GE,
50PLUS,19,Chris Veeze,M,,,,,,
50PLUS,20,Herman Nota,M,,,,,,
50PLUS,21,Nico de Vos,M,,,,,,
50PLUS,22,Jolanda van den Bogaard,V,,https://www.linkedin.com/in/jolandavandenbogaard/,,,https://www.facebook.com/JolandavdBogaard/,
50PLUS,23,John van Loon,M,,,,,,
50PLUS,24,Sjanie Donker,V,,,,,,
50PLUS,25,Edmond van Ooijen,M,,,,,,
50PLUS,26,Klaas Hamersma,M,,,,,,
50PLUS,27,Ab Wissingh,M,,,,,,
50PLUS,28,Frank de Kruif-Vlasman,M,,,,,,
50PLUS,29,Cor Verbeek,M,,,,,,
50PLUS,30,Jan van Gorkum,M,,,,,,
50PLUS,31,Frans Erkamp,M,,,,,,
50PLUS,32,Willem Willemse,M,,,,,,
50PLUS,33,Willem Bakx,M,,,,,,
50PLUS,34,André Verschoor,M,,,,,,
50PLUS,35,Peter Jong,M,,,,,,
50PLUS,36,Emiel Sjaardema,M,,,,,,
50PLUS,37,Geert Tomlow,M,,,,,,
50PLUS,38,Joke Bouwmeester,V,,https://www.linkedin.com/in/joke-bouwmeester-9a5a2983/,,,,
50PLUS,39,Louis van Houtert,M,,,,,,
50PLUS,40,Jan van Hoek,M,,,,,,
50PLUS,41,Agnes Timmers-van Dijk,V,,,,,,
50PLUS,42,Annemieke Guldemond,V,,https://www.linkedin.com/in/annemieke-guldemond/,,,https://www.facebook.com/annemieke.guldemond,
50PLUS,43,Joost Boetes,M,,,,,,
50PLUS,44,Henk Denissen,M,,,,,,
50PLUS,45,Robert Biever,M,,,,,,
50PLUS,46,Henk van Elst,M,,,,,,
50PLUS,47,Marc van Rooij,M,,,,,,
50PLUS,48,Gerrit Jan van Otterloo,M,,,,,,
50PLUS,49,Willem Dekker,M,,,,,,
50PLUS,50,Martin van Rooijen,M,,,,,,
BBB,1,Caroline van der Plas,V,https://boerburgerbeweging.nl/kandidaten/caroline-van-der-plas/,https://nl.linkedin.com/in/carolinevanderplas,https://x.com/lientje1967,https://www.instagram.com/carolinevandplas/,,
BBB,2,Mona Keijzer,V,https://boerburgerbeweging.nl/kandidaten/mona-keijzer/,https://www.linkedin.com/in/mona-keijzer-87019b29/,https://x.com/MonaKeijzer,https://www.instagram.com/monakeijzer/,https://www.facebook.com/MonaKeijzer,
BBB,3,Henk Vermeer,M,,,,,,
BBB,4,Femke Wiersma,V,https://boerburgerbeweging.nl/kandidaten/femke-wiersma/,https://nl.linkedin.com/in/femke-marije-wiersma-47953458,https://x.com/FemkeMarijeW,,,
BBB,5,Claudia van Zanten,V,https://boerburgerbeweging.nl/kandidaten/claudia-van-zanten/,https://www.linkedin.com/in/claudiavanzanten1/,https://x.com/claudiavz,https://www.instagram.com/claudia.vanzanten/,https://www.facebook.com/ClaudiaVanZantenTK/,
BBB,6,Gijs Tuinman,M,,,,,,
BBB,7,Marieke Wijen-Nass,V,https://boerburgerbeweging.nl/kandidaten/marieke-wijen-nass/,https://nl.linkedin.com/in/mariekenass,https://x.com/MariekeWijen,https://www.instagram.com/mariekewijennass/,https://www.facebook.com/MariekeWijenNassBBB/,
BBB,8,Agnes Joseph,V,https://boerburgerbeweging.nl/kandidaten/agnes-joseph/,https://www.linkedin.com/in/agnesjoseph/,https://x.com/Agnes_Joseph_TK,,,
BBB,9,Martin Oostenbrink,M,,,,,,
BBB,10,Alexander Hendriks,M,,,,,,
BBB,11,Christine Govaert,V,https://boerburgerbeweging.nl/kandidaten/christine-govaert/,https://nl.linkedin.com/in/christinegovaert,https://x.com/Chris10Govaert,https://www.instagram.com/christinegovaert/,https://www.facebook.com/p/Christine-Govaert-100090111682852/,https://bsky.app/profile/did:plc:3almittivr7tbrymmfwdm7ye
BBB,12,Robert Tieman,M,,,,,,
BBB,13,Jean Rummenie,M,,,,,,
BBB,14,Eddie van Marum,M,,,,,,
BBB,15,Daniëlle Wiegmans,V,https://boerburgerbeweging.nl/kandidaten/danielle-wiegmans/,https://www.linkedin.com/in/dani%C3%ABlle-wiegmans-27876a160/,https://x.com/daanwiegmans,https://www.instagram.com/daan_wiegmans/,,
BBB,16,Kilian Karsbergen,M,,,,,,
BBB,17,Erik Den Hertog,M,,,,,,
BBB,18,Ines De Ridder,V,https://boerburgerbeweging.nl/kandidaten/ines-de-ridder/,https://www.linkedin.com/in/inesderidder/,,https://www.instagram.com/inesderidder/,,
BBB,19,Haidy Hankers,V,https://boerburgerbeweging.nl/kandidaten/haidy-hankers/,https://www.linkedin.com/in/haidy-hankers-a89695107/,,,,
BBB,20,Marc Sprik,M,,,,,,
BBB,21,Tjalle Morsink,M,,,,,,
BBB,22,Andrea van Veen,V,https://boerburgerbeweging.nl/kandidaten/andrea-van-veen/,,https://x.com/AndreavanVeen,https://www.instagram.com/andreavan_veen/,,
BBB,23,Cees Meeldijk,M,,,,,,
BBB,24,Mies Pabon,V,https://boerburgerbeweging.nl/kandidaten/mies-pabon/,https://www.linkedin.com/in/mies-pabon-0b65319b/,,,https://www.facebook.com/mies.pabon/,
BBB,25,Dirk Buis,M,,,,,,
BBB,26,Jelmer de Groot,M,,,,,,
BBB,27,Joost Olthof,M,,,,,,
BBB,28,Pien Huijbens,V,https://boerburgerbeweging.nl/kandidaten/pien-huijbens/,https://www.linkedin.com/in/pien-huijbens/,,,https://www.facebook.com/pien.huijbens/,
BBB,29,Kevin Brouwer,M,,,,,,
BBB,30,Folkert Stienstra,M,,,,,,
BBB,31,Bram Berg,M,,,,,,
BBB,32,Ward Meijroos,M,,,,,,
BBB,33,Hans Dekker,M,,,,,,
BBB,34,Monique Flipsen-Verhagen,V,https://boerburgerbeweging.nl/kandidaten/monique-flipsen-verhagen/,https://www.linkedin.com/in/monique-flipsen-verhagen-21273a12b/,,,,
BBB,35,Tjerk Zeitsen,M,,,,,,
BBB,36,Jochem Vrugt,M,,,,,,
BBB,37,Ilona Lagas,V,https://boerburgerbeweging.nl/kandidaten/ilona-lagas/,https://www.linkedin.com/in/ilona-lagas-meijer-472a4821,,https://www.instagram.com/ilonalagas.meijer/,https://www.facebook.com/profile.php?id=100008510610547#,
BBB,38,Mark Van de Ven,M,,,,,,
BBB,39,Harold Zoet,M,,,,,,
BBB,40,Annetje Schoolmeesters,V,https://boerburgerbeweging.nl/kandidaten/annetje-schoolmeesters/,https://www.linkedin.com/in/annetjeschoolmeesters/,,,,
BBB,41,Robbert Lievense,M,,,,,,
BBB,42,Harry Schuiling,M,,,,,,
BBB,43,Kor Hoving,M,,,,,,
BBB,44,André Adolfs,M,,,,,,
BBB,45,Ingrid de Sain,V,https://boerburgerbeweging.nl/kandidaten/ingrid-de-sain/,https://www.linkedin.com/in/ingrid-de-sain-808095150/,https://x.com/desainingrid,,,
BBB,46,Abel Kooistra,M,,,,,,
BBB,47,Jelle Beemsterboer,M,,,,,,
BBB,48,Nicole Koks,V,https://boerburgerbeweging.nl/kandidaten/nicole-koks/,https://www.linkedin.com/in/nicole-koks-hofman-02a73885/,,,,
BBB,49,Helma Lodders,V,https://boerburgerbeweging.nl/kandidaten/helma-lodders/,https://www.linkedin.com/in/helmalodders/,https://x.com/helmalodders,https://www.instagram.com/helma_lodders/,https://www.facebook.com/helma.lodders/,
BBB,50,Nicki Pouw-Verweij,V,https://boerburgerbeweging.nl/kandidaten/nicki-pouw-verweij/,https://www.linkedin.com/in/nickipouwverweij/,https://x.com/nickiverweij,https://www.instagram.com/nickiverweij/,,
Belang Van Nederland (BVNL),1,Wybren van Haga,M,,,,,,
Belang Van Nederland (BVNL),2,Dorien Rookmaker,V,https://bvnl.nl/kandidatenlijst/,https://www.linkedin.com/in/dorien-rookmaker-a365542/,https://x.com/rookmakerdorien?lang=en,https://www.instagram.com/dorienrookmakermep?igsh=MWYweXBlYW5qcHFyeQ==,https://www.facebook.com/DorienRookmakerMEP/,
Belang Van Nederland (BVNL),3,Harm Beertema,M,,,,,,
Belang Van Nederland (BVNL),4,Theo Schetters,M,,,,,,
Belang Van Nederland (BVNL),5,René Dercksen,M,,,,,,
Belang Van Nederland (BVNL),6,Vala van den Boomen,V,https://bvnl.nl/kandidatenlijst/,https://www.linkedin.com/in/valavandenboomen/,https://x.com/valavdboomen?lang=en,https://www.instagram.com/valavdboomen?igsh=MW5uMWg3aHd2bWw2cA==,,
Belang Van Nederland (BVNL),7,Geert Dales,M,,,,,,
Belang Van Nederland (BVNL),8,Ab Flipse,M,,,,,,
Belang Van Nederland (BVNL),9,Toine Manders,M,,,,,,
Belang Van Nederland (BVNL),10,Hennie van Schaik,M,,,,,,
Belang Van Nederland (BVNL),11,Erwin Versteeg,M,,,,,,
Belang Van Nederland (BVNL),12,Stefanie Vulders,V,,https://www.linkedin.com/in/stefanievulders/,https://x.com/stefanievulders,https://www.instagram.com/leefalssteef/,https://www.facebook.com/leefalsSteef/mentions/?_rdr,
Belang Van Nederland (BVNL),13,Patrick Schilder,M,,,,,,
Belang Van Nederland (BVNL),14,Meike Terhorst,V,,https://www.linkedin.com/in/meike-terhorst-0564099a/,,,,
Belang Van Nederland (BVNL),15,Mark Bos,M,,,,,,
Belang Van Nederland (BVNL),16,Johan Kosters,M,,,,,,
Belang Van Nederland (BVNL),17,Marcus Rolloos,M,,,,,,
Belang Van Nederland (BVNL),18,Willy Verweij,V,,,,https://www.instagram.com/willy.verweij?igsh=NDJ6NWR1bHM5ZmI4,,
Belang Van Nederland (BVNL),19,Peter Mul,M,,,,,,
Belang Van Nederland (BVNL),20,Rubert Remijn,M,,,,,,
Belang Van Nederland (BVNL),21,Charlotte Marie Mensing,V,,https://www.linkedin.com/in/charlotte-marie-mensing-van-norel-937bba89/,https://x.com/CmMensing,,https://www.facebook.com/people/Charlotte-Marie-Mensing-Belang Van Nederland (BVNL)/100090618247978/,
Belang Van Nederland (BVNL),22,Gerard van Erp,M,,,,,,
Belang Van Nederland (BVNL),23,Iwan Dienjes,M,,,,,,
Belang Van Nederland (BVNL),24,Jaimi Keirouz,V,,,,https://www.instagram.com/jaimikeirouz?igsh=eWx4NHdwa2FjNG9h,,
Belang Van Nederland (BVNL),25,Arjen Schuiling,M,,,,,,
Belang Van Nederland (BVNL),26,Yannick Rietman,M,,,,,,
Belang Van Nederland (BVNL),27,Fabienne Schnetkamp,V,,https://www.linkedin.com/in/fabienne-schnetkamp-a648999/,,,,
Belang Van Nederland (BVNL),28,Elène Toes,V,,,,,,
Belang Van Nederland (BVNL),29,Ingmar Elferink,M,,,,,,
Belang Van Nederland (BVNL),30,Jan Boomsma,M,,,,,,
Belang Van Nederland (BVNL),31,Yasmina Jimenez,V,,https://www.linkedin.com/in/yasmina-j-53a645201/,https://x.com/YasminaJim52786,https://www.instagram.com/jimenez_creations_netherlands/,,
Belang Van Nederland (BVNL),32,Sjef Siemons,M,,,,,,
Belang Van Nederland (BVNL),33,Noël van Keeken,M,,,,,,
Belang Van Nederland (BVNL),34,Pieter Eggermont,M,,,,,,
Belang Van Nederland (BVNL),35,Cees Freeke,M,,,,,,
Belang Van Nederland (BVNL),36,Johan van Leeuwen,M,,,,,,
Belang Van Nederland (BVNL),37,Dirk Moes,M,,,,,,
Belang Van Nederland (BVNL),38,Jan Pieter Verhoog,M,,,,,,
Belang Van Nederland (BVNL),39,Ko Vos,M,,,,,,
Belang Van Nederland (BVNL),40,Meïr Villegas Henriquez,M,,,,,,
Belang Van Nederland (BVNL),41,Paul Bohte,M,,,,,,
Belang Van Nederland (BVNL),42,Bauke Westphal,V,,,,,,
Belang Van Nederland (BVNL),43,Elbert van Dalen,M,,,,,,
Belang Van Nederland (BVNL),44,Wim Huisman,M,,,,,,
Belang Van Nederland (BVNL),45,Yalda Qadiri,V,,https://www.linkedin.com/in/yalda-qadiri-a83258162/,,,,
Belang Van Nederland (BVNL),46,Larry van den Bolsem,M,,,,,,
Belang Van Nederland (BVNL),47,Ramon Koeleman,M,,,,,,
Belang Van Nederland (BVNL),48,Murat Yürekli,M,,,,,,
Belang Van Nederland (BVNL),49,Patrick Kicken,M,,,,,,
Belang Van Nederland (BVNL),50,Roy van Aalst,M,,,,,,
BIJ1,1,Tofik Dibi,M,,,,,,
BIJ1,2,Naomi Tuininga,V,https://bij1.org/team/naomi/,https://www.linkedin.com/in/naomi-tuininga-14629b1b7/,,https://www.instagram.com/naomituininga/?hl=en,,
BIJ1,3,Teun Otte,X,,,,,,
BIJ1,4,Precious Sadhoe,V,https://rotterdam.bij1.org/precious-sadhoe,https://www.linkedin.com/in/precious-sadhoe-99b0b922b/,,https://www.instagram.com/awesome_as_always/?hl=en,,
BIJ1,5,Marchiano van Campenhout,M,,,,,,
BIJ1,6,Mika Beau Dalderop,M,,,,,,
BIJ1,7,Noura Oul Fakir,V,https://utrecht.bij1.org/kandidaten/noura-oul-fakir/,https://www.linkedin.com/in/nouraoulfakir/,,,,
BIJ1,8,Soheila Najand,V,,https://www.linkedin.com/in/snajand/,,,,
BIJ1,9,Carolien Nieuweboer,V,,https://www.linkedin.com/in/caroliennieuweboer/,,https://www.instagram.com/krolien/?hl=en,,
BIJ1,10,Venus Bijleveld,X,,,,https://www.instagram.com/iammamaqueen/?hl=en,https://www.facebook.com/venusbijleveld/,
BIJ1,11,Nathan Miango,M,,,,,,
BIJ1,12,Marie-Louise Beekmans,V,,https://www.linkedin.com/in/marie-louise-beekmans-b0a5a7170/,,https://www.instagram.com/_marielouisee/?hl=en,,
BIJ1,13,Tikhoe Isaack,M,,,,,,
BIJ1,14,Gül Streutker,V,,https://www.linkedin.com/in/g%C3%BCl-streutker-b79685198/,,https://www.instagram.com/gulstreutker?igsh=eWVieHp6dm4zMWN6,,
BIJ1,15,Yuval Gal,M,,,,,,
BIJ1,16,Yvette Luhrs,V,https://www.yvetteluhrs.nl/nl/,https://www.linkedin.com/in/yvette-luhrs/,https://x.com/yvetteluhrs?lang=en,https://www.instagram.com/yvette.luhrs?igsh=dDFhYmI3cGltOXZy,https://www.facebook.com/watdoetYvette/,https://bsky.app/profile/yvetteluhrs.bsky.social
BIJ1,17,Joanna Rijsdam,V,,,,https://www.instagram.com/joanna__rd/?hl=en,,
BIJ1,18,Andre Damian,M,,,,,,
BIJ1,19,Chihiro Geuzebroek,V,,https://www.linkedin.com/in/chihiro-geuzebroek-0037ba21/,,https://www.instagram.com/chihiro_darling/?hl=en,,
BIJ1,20,Stevie Nolten,V,,https://www.linkedin.com/in/stevie-n-81860879/,https://x.com/stevienolten,https://www.instagram.com/stevie_jane/?locale=pt_BR&hl=fa,,
BIJ1,21,Vayhishta Miskin,V,,https://www.linkedin.com/in/vayhishtamiskin/,,https://www.instagram.com/vayhishta/?hl=en,,
BIJ1,22,Glenn Helberg,M,,,,,,
CDA,1,Henri Bontenbal,M,,,,,,
CDA,2,Hanneke Steen,V,https://www.cda.nl/overijssel/hengelo-o/mensen/hanneke-steen-klok/,https://www.linkedin.com/in/hanneke-steen-klok/,,https://www.instagram.com/hannekesteenklok/,https://www.facebook.com/hanneke.stn/,https://bsky.app/profile/hannekesteen.bsky.social
CDA,3,Derk Boswijk,M,,,,,,
CDA,4,Inge van Dijk,V,https://www.cda.nl/mensen/inge-van-dijk/,https://www.linkedin.com/in/inge-van-dijk-17623512/,https://x.com/i_dijk,https://www.instagram.com/dijkingevan/,https://www.facebook.com/IngeVanDijkTK/,https://blueskydirectory.com/profiles/ingevandijk.bsky.social
CDA,5,Harmen Krul,M,,,,,,
CDA,6,Jeltje Straatman,V,https://www.cda.nl/mensen/kandidaat-jeltje-straatman/,https://www.linkedin.com/in/jeltje-straatman-36199b32/,https://x.com/straatmanjeltje?lang=ca,https://www.instagram.com/jeltjestraatman/,https://www.facebook.com/jeltje.straatman/,
CDA,7,Bart van den Brink,M,,,,,,
CDA,8,Judith Bühler,V,https://www.cda.nl/mensen/kandidaat-judith-buhler/,https://www.linkedin.com/in/judithbuhler/,https://x.com/JudithBuhler,https://www.instagram.com/judithbuhler/,,
CDA,9,Henk Jumelet,M,,,,,,
CDA,10,Elles van Ark,V,https://www.cda.nl/mensen/kandidaat-elles-van-ark/,https://www.linkedin.com/in/ellesvanark/,https://x.com/ellesvanark,https://www.instagram.com/elles.ark?igsh=MWhicmZqb2dpZTVzNg==,,https://bsky.app/profile/ellesvanark.bsky.social
CDA,11,Tijs van den Brink,M,,,,,,
CDA,12,Jantine Zwinkels,V,https://www.cda.nl/mensen/kandidaat-jantine-zwinkels/,https://www.linkedin.com/in/jantine-zwinkels-23787a19/,https://x.com/JantineZwinkels,https://www.instagram.com/jantinezw/,https://www.facebook.com/JantineZwinkelsCDA/,
CDA,13,Maes van Lanschot,M,,,,,,
CDA,14,Luciënne Boelsma-Hoekstra,V,https://www.cda.nl/friesland/de-fryske-marren/mensen/luci%C3%ABnne-boelsma-hoekstra/,https://www.linkedin.com/in/lucienne-boelsma-hoekstra-313404152/,,https://www.instagram.com/lucienne.boelsmahoekstra/,https://www.facebook.com/lucienne.boelsmahoekstra/,
CDA,15,Jan Arie Koorevaar,M,,,,,,
CDA,16,Eveline Tijmstra,V,https://www.cda.nl/mensen/kandidaat-eveline-tijmstra/,https://www.linkedin.com/in/eveline-tijmstra/,https://x.com/EvelineTijmstra,https://www.instagram.com/evelinetijmstra/,https://www.facebook.com/p/Eveline-Tijmstra-100063788783771/,
CDA,17,Sarath Hamstra,M,,,,,,
CDA,18,Etkin Armut,V,https://www.cda.nl/groningen/groningen/mensen/etkin-armut/,https://www.linkedin.com/in/etkin-armut-0b3b70224/,https://x.com/etkinarmut?ref_src=twsrc%5Egoogle%7Ctwcamp%5Eserp%7Ctwgr%5Eauthor,https://www.instagram.com/etkinarmut/,,
CDA,19,André Poortman,M,,,,,,
CDA,20,Joris Lohman,M,,,,,,
CDA,21,Chantal van den Berg,V,https://www.cda.nl/mensen/kandidaat-chantal-van-den-berg/,https://www.linkedin.com/in/chantal-van-den-berg-5077608/,,https://www.instagram.com/chantalvdenberg/?igsh=bGdpdDc5bDR4cGgz&utm_source=qr#,https://www.facebook.com/chantal.vandenberg.505?mibextid=wwXIfr&rdid=8VE50m6qcJRiOvuf&share_url=https%3A%2F%2Fwww.facebook.com%2Fshare%2F1ZuxytWzRV%2F%3Fmibextid%3DwwXIfr#,
CDA,22,Marcel Hanegraaff,M,,,,,,
CDA,23,Karsten Klein,M,,,,,,
CDA,24,Marieke van der Spek,V,https://www.cda.nl/mensen/kandidaat-marieke-van-der-spek/,https://www.linkedin.com/in/marieke-van-der-spek-b47181141/,https://x.com/marieke52454469,,https://www.facebook.com/mar.best.7/,
CDA,25,Arjan Tolkamp,M,,,,,,
CDA,26,Hemin Hawezy,M,,,,,,
CDA,27,Ankie de Hoon,V,https://www.cda.nl/noord-brabant/dongen/mensen/ankie-de-hoon/,https://www.linkedin.com/in/ankiedehoon/,https://x.com/AnkiedHoon,,https://www.facebook.com/ankiedehoon/?locale=nl_NL,
CDA,28,Johanna de Vries,V,https://www.cda.nl/zuid-holland/mensen/johanna-de-vries/,https://www.linkedin.com/in/johannabesteman/,https://x.com/johannabesteman?ref_src=twsrc%5Egoogle%7Ctwcamp%5Eserp%7Ctwgr%5Eauthor,https://www.instagram.com/joohanna75?igsh=bzZwNm11Z2FxODZx,https://www.facebook.com/JohannaBesteman/?locale=nl_NL,
CDA,29,Stefan Mastenbroek,M,,,,,,
CDA,30,Josine Heijnen,V,https://www.cda.nl/mensen/kandidaat-josine-heijnen/,https://www.linkedin.com/in/josineheijnen/,,https://www.instagram.com/josineheijnen/?hl=en,,
CDA,31,Jacob Boonstra,M,,,,,,
CDA,32,Caroline van Brakel,V,https://www.cda.nl/mensen/kandidaat-caroline-van-brakel/,https://www.linkedin.com/in/caroline-van-brakel-a90b769a/,https://x.com/cepvbrakel,,,
CDA,33,Ivora Noort,V,https://www.cda.nl/mensen/kandidaat-ivora-noort/,https://www.cda.nl/mensen/kandidaat-ivora-noort/,,https://www.instagram.com/mrsivb/?hl=en,,
CDA,34,Sjoerd Wijnsma,M,,,,,,
CDA,35,Daisy Vliegenthart-Goedhart,V,https://www.cda.nl/mensen/kandidaat-daisy-vliegenthart-goedhart/,https://www.linkedin.com/in/daisyvliegenthart/,,https://www.instagram.com/daisyvliegenthart/,https://www.facebook.com/daisy.vliegenthartgoedhart,
CDA,36,Dani Bracke,M,,,,,,
CDA,37,Yusuf Tuncer,M,,,,,,
CDA,38,René Vrugt,M,,,,,,
CDA,39,Steven van Die,M,,,,,,
CDA,40,Matthijs Buijs,M,,,,,,
CDA,41,Jacky Silos,V,https://www.cda.nl/mensen/kandidaat-jacky-silos/,https://www.linkedin.com/in/jacky-silos-5b778112/?utm_source=share&utm_campaign=share_via&utm_content=profile&utm_medium=ios_app,,https://www.instagram.com/jackysilos/?hl=en,https://www.facebook.com/jacky.silos?mibextid=wwXIfr&rdid=WfS7Ldmgn9grXcG8&share_url=https%3A%2F%2Fwww.facebook.com%2Fshare%2F1G5f4KVNe7%2F%3Fmibextid%3DwwXIfr#,
CDA,42,Erik Drenth,M,,,,,,
CDA,43,Paul Boogaard,M,,,,,,
CDA,44,Elske van der Mik,V,https://www.cda.nl/mensen/kandidaat-elske-van-der-mik/,https://www.linkedin.com/in/elske-van-der-mik-85734a17/,https://x.com/Elskemik,https://www.instagram.com/elskevandermik/,,
CDA,45,Hubert Schokker,M,,,,,,
CDA,46,Willemien Wever,V,https://www.cda.nl/flevoland/dronten/mensen/willemien-wever/,https://www.linkedin.com/in/willemien-wever-8a65973a/,,https://www.instagram.com/willemienwever/,https://www.facebook.com/willemien.wever/?locale=nl_NL,
CDA,47,Stijn Sips,M,,,,,,
CDA,48,Luc van Dijk-Wijmenga,M,,,,,,
CDA,49,Gregor Rossen,M,,,,,,
CDA,50,Gregory Sedoc,M,,,,,,
ChristenUnie,1,Mirjam Bikker,V,https://www.christenunie.nl/mensen/mirjam-bikker,https://www.linkedin.com/in/mirjam-bikker-45936616/,,https://www.instagram.com/mirjambikkercu/,https://www.facebook.com/mirjam.bikker.3,https://bsky.app/profile/mirjambikker.bsky.social
ChristenUnie,2,Pieter Grinwis,M,,,,,,
ChristenUnie,3,Don Ceder,M,,,,,,
ChristenUnie,4,Alwin te Rietstap,M,,,,,,
ChristenUnie,5,Joëlle Gooijer,V,https://www.christenunie.nl/mensen/joelle-gooijer,https://www.linkedin.com/in/joëlle-gooijer-medema-65989321/,,https://www.instagram.com/joellegooijer/,https://www.facebook.com/joelle.gooijer,https://bsky.app/profile/jkgooijer.bsky.social
ChristenUnie,6,Nico Drost,M,,,,,,
ChristenUnie,7,Carlijn Niesink,V,https://www.christenunie.nl/mensen/carlijn-niesink,https://www.linkedin.com/in/carlijn-niesink-18036083/,,https://www.instagram.com/carlijniesink/,https://www.facebook.com/niesink,https://bsky.app/profile/carlijnniesink.bsky.social
ChristenUnie,8,Wouter de Reus,M,,,,,,
ChristenUnie,9,Cora Otter-van den Bosch,V,https://www.christenunie.nl/mensen/cora-otter-van-den-bosch,https://www.linkedin.com/in/coraotter/,,,https://www.facebook.com/cora.otter.5,
ChristenUnie,10,Tobias Holtman,M,,,,,,
ChristenUnie,11,Inge Jongman-Mollema,V,https://www.christenunie.nl/mensen/inge-jongman-mollema,https://www.linkedin.com/in/inge-jongman-882a1939/,,https://www.instagram.com/inge_jongman/,https://www.facebook.com/IngeJongman,
ChristenUnie,12,Maarten van Ooijen,M,,,,,,
ChristenUnie,13,Harmjan Vedder,M,,,,,,
ChristenUnie,14,Christian van der Krift,M,,,,,,
ChristenUnie,15,Judith Westerink-Petersen,V,https://www.christenunie.nl/mensen/judith-westerink-petersen,https://www.linkedin.com/in/judith-westerink-61869525/,,,,
ChristenUnie,16,Hetty Egger-van Oppen,V,https://www.christenunie.nl/mensen/hetty-egger-van-oppen,https://www.linkedin.com/in/hetty-egger-van-oppen-931464a/,,,https://www.facebook.com/hetty.eggervanoppen,
ChristenUnie,17,Roos Jonkheer-Vos,V,https://www.christenunie.nl/mensen/roos-jonkheer-vos,https://www.linkedin.com/in/roos-jonkheer-vos-355604aa/,,https://www.instagram.com/roosjonkheer/,https://www.facebook.com/roos.vos.3,
ChristenUnie,18,Gaetan Mbwete,M,,,,,,
ChristenUnie,19,Harmke Vlieg-Kempe,V,https://www.christenunie.nl/mensen/harmke-vlieg-kempe,https://www.linkedin.com/in/harmke-vlieg-295b9519/,,https://www.instagram.com/harmkevlieg/,https://www.facebook.com/harmke.vlieg,
ChristenUnie,20,Mark Treurniet,M,,,,,,
ChristenUnie,21,Willemien Treurniet-Klapwijk,V,https://www.christenunie.nl/mensen/willemien-treurniet-klapwijk,https://www.linkedin.com/in/willemien-treurniet-a3b51063/,,https://www.instagram.com/willemientreurniet/,https://www.facebook.com/willemien.treurniet,
ChristenUnie,22,Jennifer Elskamp-Hofstede,V,https://www.christenunie.nl/mensen/jennifer-elskamp-hofstede,https://www.linkedin.com/in/jennifer-elskamp-81860b91/,,https://www.instagram.com/jennifer_elskamp_78/,https://www.facebook.com/jennifer.elskamp.3,
ChristenUnie,23,Robert de Heer,M,,,,,,
ChristenUnie,24,Henco Cecilia,M,,,,,,
ChristenUnie,25,Auke Pasterkamp,M,,,,,,
ChristenUnie,26,Francis van de Mooren,V,https://www.christenunie.nl/mensen/francis-van-der-mooren,https://www.linkedin.com/in/francis-van-der-mooren-74b1514/,,,,
ChristenUnie,27,Ruben van de Belt,M,,,,,,
ChristenUnie,28,Nathalie Nede,V,https://www.christenunie.nl/mensen/nathalie-nede,https://www.linkedin.com/in/nathalie-nede/,,https://www.instagram.com/nathalie.nede/,https://www.facebook.com/nathalie.nede,
ChristenUnie,29,Ad de Boer,M,,,,,,
ChristenUnie,30,Wim Voskamp,M,,,,,,
ChristenUnie,31,Jaco van Hoorn,M,,,,,,
ChristenUnie,32,Matthijs de Vries,M,,,,,,
ChristenUnie,33,Alma Broekmaat-Hagens,V,https://www.christenunie.nl/mensen/alma-broekmaat-hagens,https://www.linkedin.com/in/alma-broekmaat-hagens-a7310814/,,https://www.instagram.com/almahagens/,,
ChristenUnie,34,Sitsofe Quarshie,V,https://www.christenunie.nl/mensen/sitsofe-quarshie,https://www.linkedin.com/in/sitsofe-quarshie/,,https://www.instagram.com/sitso_q/,https://www.facebook.com/sitsofe.quarshie,
ChristenUnie,35,Marcel Koning,M,,,,,,
ChristenUnie,36,Ed Bosma,M,,,,,,
ChristenUnie,37,Gerard Stoop,M,,,,,,
ChristenUnie,38,Twan Moes,M,,,,,,
ChristenUnie,39,Dianne Hoefakker,V,https://www.christenunie.nl/mensen/dianne-hoefakker,https://www.linkedin.com/in/dianne-hoefakker-laanstra-80b1969b/,,https://www.instagram.com/diannehoefakker/,https://www.facebook.com/dianne.hoefakker.3,
ChristenUnie,40,Jeroen Westendorp,M,,,,,,
ChristenUnie,41,Jan Peter van der Sluis,M,,,,,,
ChristenUnie,42,Maikel la Rose,M,,,,,,
ChristenUnie,43,Elizabeth Bronkhorst-van Poortvliet,V,https://www.christenunie.nl/mensen/elizabeth-bronkhorst-van-poortvliet,https://www.linkedin.com/in/elizabeth-bronkhorst-van-poortvliet-48968819/,,https://www.instagram.com/elizabethbronkho/,https://www.facebook.com/elizabeth.b.poortvliet,
ChristenUnie,44,Thijs Scherrenburg,M,,,,,,
ChristenUnie,45,Marcel Vercammen,M,,,,,,
ChristenUnie,46,Gerald Troost,M,,,,,,
ChristenUnie,47,Elbert Smelt,M,,,,,,
ChristenUnie,48,Cees Dekker,M,,,,,,
ChristenUnie,49,Jurjen ten Brinke,M,,,,,,
ChristenUnie,50,Beatrice de Graaf,V,https://www.christenunie.nl/mensen/beatrice-de-graaf,https://www.linkedin.com/in/beatrice-de-graaf-93630a6/,,https://www.instagram.com/badegraaf/,,
D66,1,Rob Jetten,M,,,,,,
D66,2,Jan Paternotte,M,,,,,,
D66,3,Hans Vijlbrief,M,,,,,,
D66,4,Anne-Marijke Podt,V,https://d66.nl/mensen/anne-marijke-podt/,https://www.linkedin.com/in/annemarijkepodt/?originalSubdomain=nl,https://x.com/Annemarijke?ref_src=twsrc%5Egoogle%7Ctwcamp%5Eserp%7Ctwgr%5Eauthor,https://www.instagram.com/annemarijke/,https://www.facebook.com/annemarijke.podt/,https://blueskydirectory.com/profiles/annemarijke.bsky.social
D66,5,Joost Sneller,M,,,,,,
D66,6,Nathalie van Berkel,V,https://d66.nl/nieuws/advieslijst-tweede-kamerverkiezing-2025/,https://www.linkedin.com/in/nathalie-van-berkel-85157a14/,https://x.com/Vanberkel2508?ref_src=twsrc%5Egoogle%7Ctwcamp%5Eserp%7Ctwgr%5Eauthor,https://www.instagram.com/nathalie_vanberkel/,,https://bsky.app/profile/nathalievanberkel.bsky.social
D66,7,Wieke Paulusma,V,https://d66.nl/mensen/wieke-paulusma/,https://www.linkedin.com/in/wiekepaulusma/?originalSubdomain=nl,https://x.com/wiepau?ref_src=twsrc%5Egoogle%7Ctwcamp%5Eserp%7Ctwgr%5Eauthor,https://www.instagram.com/wiekepaulusma/,https://www.facebook.com/wpaulusma/?locale=nl_NL,https://bsky.app/profile/ilanarooderkerk.bsky.social,https://bsky.app/profile/wiekepaulusma.bsky.social
D66,8,Fatimazhra Belhirch,V,https://d66.nl/eerstekamer/mensen/fatimazhra-belhirch/,https://www.linkedin.com/in/fatimazhrabelhirch/?originalSubdomain=nl,,https://www.instagram.com/fatimazhrabelhirch/,,
D66,9,Hanneke van der Werf,V,https://d66.nl/mensen/hanneke-van-der-werf/,https://www.linkedin.com/in/hannekevanderwerf/?originalSubdomain=nl,https://x.com/hannekevdwerf,https://www.instagram.com/hannekevdw/,,
D66,10,Mpanzu Bamenga,M,,,,,,
D66,11,Felix Klos,M,,,,,,
D66,12,Marijke Synhaeve,V,https://d66.nl/nijmegen/mensen/marijke-synheave/,https://www.linkedin.com/in/marijkesynhaeve/?originalSubdomain=nl,https://x.com/MarijkeSynhaeve?ref_src=twsrc%5Egoogle%7Ctwcamp%5Eserp%7Ctwgr%5Eauthor,https://www.instagram.com/marijke.synhaeve/,,
D66,13,Ilana Rooderkerk,V,https://d66.nl/mensen/ilana-rooderkerk/ https://www.ilanarooderkerk.nl/,https://www.linkedin.com/in/ilanarooderkerk/?originalSubdomain=nl,https://x.com/IlanaRooderkerk?ref_src=twsrc%5Egoogle%7Ctwcamp%5Eserp%7Ctwgr%5Eauthor,https://www.instagram.com/ilanarooderkerk/?hl=nl,https://www.facebook.com/IlanaRooderkerkD66/?locale=nl_NL,
D66,14,Robert van Asten,M,,,,,,
D66,15,Ouafa Oualhadj,V,https://ouafa.nl/,https://www.linkedin.com/in/ouafa-oualhadj-1613b850/?originalSubdomain=nl,https://x.com/ouafa070?ref_src=twsrc%5Egoogle%7Ctwcamp%5Eserp%7Ctwgr%5Eauthor,https://www.instagram.com/ouafa070/,,
D66,16,Anouschka Biekman,V,https://d66.nl/schiedam/mensen/anouschka-biekman/,https://www.linkedin.com/in/anouschkabiekman/?originalSubdomain=nl,,https://www.instagram.com/anouschkabiekman/,https://www.facebook.com/AnouschkaBiekman/,
D66,17,Renilde Huizenga,V,https://d66.nl/zwolle/mensen/renilde-huizenga/,https://www.linkedin.com/in/renildehuizenga/,,https://www.instagram.com/edliner/,https://www.facebook.com/AnouschkaBiekman/,
D66,18,Heera Dijk,V,https://d66.nl/delft/mensen/heera-dijk-2/,https://www.linkedin.com/in/heeradijk/?originalSubdomain=nl,,https://www.instagram.com/heera.d/,,
D66,19,Sarah El Boujdaini,V,https://d66.nl/rotterdam/mensen/sarah-el-boujdaini-2/,https://www.linkedin.com/in/sarah-el-boujdaini-53028449/?originalSubdomain=nl,,https://www.instagram.com/sarahboujdaini/,,
D66,20,Henk-Jan Oosterhuis,M,,,,,,
D66,21,Jan Schoonis,M,,,,,,
D66,22,Koen Castelein,M,,,,,,
D66,23,Stephan Neijenhuis,M,,,,,,
D66,24,Ulas Kose,M,,,,,,
D66,25,Marc Vervuurt,M,,,,,,
D66,26,Dion Huidekooper,M,,,,,,
D66,27,Marieke Vellinga-Beemsterboer,V,https://d66.nl/mensen/marieke-vellinga-beemsterboer/,https://www.linkedin.com/in/marieke-vellinga-beemsterboer-11a526171/?originalSubdomain=nl,,https://www.instagram.com/vellingabeemsterboer/,,
D66,28,Robin van Leijen,M,,,,,,
D66,29,Michelle Jagtenberg,V,https://d66.nl/nieuws/advieslijst-tweede-kamerverkiezing-2025/,https://www.linkedin.com/in/michellejagtenberg/?originalSubdomain=nl,,https://www.instagram.com/mhjagtenberg/?hl=af,,
D66,30,Mahjoub Mathlouti,M,,,,,,
D66,31,Lisanne van Damme,V,https://d66.nl/zuidholland/mensen/lisanne-van-damme/,https://www.linkedin.com/in/lisanne-van-damme/?originalSubdomain=nl,https://x.com/lisannevandamme,https://www.instagram.com/lisanne_van_damme/,https://www.facebook.com/lisanne.vandamme2/,
D66,32,Yared Stifanos,M,,,,,,
D66,33,Marike Hoekstra,V,,https://www.linkedin.com/in/marike-hoekstra-6933ba/?originalSubdomain=nl,,https://www.instagram.com/hmarike?igsh=MW8xb3kwZW5rZDZhaQ==,,
D66,34,Hester Borm,V,https://hesterborm.com/,https://www.linkedin.com/in/hesterborm/?originalSubdomain=cl,https://x.com/HesterBorm/,https://www.instagram.com/hborm/,https://www.facebook.com/people/Hester-Borm/61579025590829/#,
D66,35,Elke Smulders,V,https://d66.nl/gelderland/mensen/elke-smulders/,https://www.linkedin.com/in/elke-smulders-27975812/?originalSubdomain=nl,https://x.com/ElkesmuldersD66/with_replies,https://www.instagram.com/elkesmulders/,https://www.facebook.com/elke.meyerssmulders/?locale=nl_NL,
D66,36,Nes Barkey Wolf,M,,,,,,
D66,37,Ocker Ghering,M,,,,,,
D66,38,Elze Woudstra,V,,https://www.linkedin.com/in/elzewoudstra/?originalSubdomain=nl,,https://www.instagram.com/elzewoudstra/,https://www.facebook.com/elze.woudstra/,
D66,39,Björn Bonten,M,,,,,,
D66,40,Marloes Derks,V,https://d66.nl/heemstede/mensen/marloes-derks/,https://www.linkedin.com/in/marloes-derks/?originalSubdomain=nl,,https://www.instagram.com/marloesd66/,https://nl-nl.facebook.com/people/Marloes-Derks/pfbid02vFfDiA7ZSNh9vvEjByWoPP2SxTaveXmdAHKnKGF9CAJC9vYiGCYR8AVNBChi8deAl/,
D66,41,Samantha Regtuijt,V,,https://www.linkedin.com/in/samantharegtuijt/?originalSubdomain=nl,,https://www.instagram.com/justsamm_/,,
D66,42,Yvo Senden,M,,,,,,
D66,43,Jan Teake Pander,M,,,,,,
D66,44,Thom Berends,M,,,,,,
D66,45,Remy Maessen,M,,,,,,
D66,46,,V,https://d66.nl/provinciegroningen/mensen/fleur-graper-van-koolwijk/,https://www.linkedin.com/in/fleurgraepervankoolwijk/?originalSubdomain=nl,https://x.com/fleurgraeper,https://www.instagram.com/fleurgraeper/,,
D66,47,,V,https://d66.nl/mensen/pia-dijkstra/,https://www.linkedin.com/in/pia-dijkstra-61180610/,,https://www.instagram.com/ministermzdijkstra/,https://www.facebook.com/pia.dijkstra.391,
D66,48,,V,,https://www.linkedin.com/in/kajsaollongren/?originalSubdomain=nl,https://x.com/kajsaollongren,https://www.instagram.com/kajsaollongren/,,https://web-cdn.bsky.app/profile/kajsaollongren.bsky.social
D66,49,Robbert Dijkgraaf,M,,,,,,
D66,50,Sandra Phlippen,V,,https://www.linkedin.com/in/sandra-phlippen/?originalSubdomain=nl,,,,
DE LINIE,1,Gerard van Hooft,M,,,,,,
DE LINIE,2,Jojo Mulder,V,,,,,,
DE LINIE,3,Presley Bergen,M,,,,,,
DE LINIE,4,Tineke Bulder,V,,,,,,
DE LINIE,5,George Peeters,M,,,,,,
DE LINIE,6,Wytse van der Veen,M,,,,,,
DE LINIE,7,John Voets,M,,,,,,
DE LINIE,8,Selda Bozkurt,V,,,,,,
DE LINIE,9,Steven Gielisse,M,,,,,,
DE LINIE,10,Ria Derks van de Ven - Poldervaart,V,,,,,,
DE LINIE,11,Ad Kastelijn,M,,,,,,
DE LINIE,12,Bas Klasen,M,,,,,,
DE LINIE,13,Corinne Roos,V,,,,,,
DE LINIE,14,Denis Wood,M,,,,,,
DE LINIE,15,Petra Kastelijn,V,,,,,,
DENK,1,Stephan van Baarle,M,,,,,,
DENK,2,Doğukan Ergin,M,,,,,,
DENK,3,Ismail el Abassi,M,,,,,,
DENK,4,Elif Esen,V,https://www.bewegingdenk.nl/tweede-kamerverkiezingen-2025/,https://nl.linkedin.com/in/elif-esen-05072b28,,https://www.instagram.com/elifxesen/?hl=en,,
DENK,5,Nassira Abaâziz,V,https://www.bewegingdenk.nl/tweede-kamerverkiezingen-2025/,https://nl.linkedin.com/in/nassira-aba%C3%A2ziz-82a11527,,https://www.instagram.com/nassira_abaaziz?igsh=cmY2NzNpcGtvdW10,,
DENK,6,Nur Icar,M,,,,,,
DENK,7,Elika Rehim Zadeh,V,https://www.bewegingdenk.nl/tweede-kamerverkiezingen-2025/,https://nl.linkedin.com/in/elika-rehim-zadeh-250228167,https://x.com/elikarhmz?lang=en,https://www.instagram.com/elikarehimzadeh/?hl=en,,
DENK,8,Ibrahim Ghazi,M,,,,,,
DENK,9,Sabina Alieva,V,https://www.bewegingdenk.nl/tweede-kamerverkiezingen-2025/,,,https://www.instagram.com/sabina__alieva__?igsh=NTR0ajJkZGk4ZW5t,,
DENK,10,Orlando Hellings,M,,,,,,
DENK,11,Ayse Tekin,V,https://www.bewegingdenk.nl/tweede-kamerverkiezingen-2025/,https://nl.linkedin.com/in/ayse-tekin-konuksever-76a956112,https://x.com/aysekonuksever?lang=en,,,
DENK,12,Ahmet Kaya,M,,,,,,
DENK,13,Şeyda Kuzey,V,https://www.bewegingdenk.nl/tweede-kamerverkiezingen-2025/,https://nl.linkedin.com/in/seydakuzey,,https://www.instagram.com/kuzeyinkiziseyda?igsh=MThyemo3dG1naGt4cQ==,,
DENK,14,Ramazan Özcan,M,,,,,,
DENK,15,Timotheus Tap,M,,,,,,
DENK,16,Emma Manhoef,V,https://www.bewegingdenk.nl/tweede-kamerverkiezingen-2025/,https://nl.linkedin.com/in/emma-manhoef-a0b3a5384,,,,
DENK,17,Sheher Khan,M,,,,,,
DENK,18,Furkan Kondu,M,,,,,,
DENK,19,Stephan Kuipers,M,,,,,,
DENK,20,Aysel Ağirbaş,V,https://www.bewegingdenk.nl/tweede-kamerverkiezingen-2025/,https://nl.linkedin.com/in/aysel-agirbas-93b76123a,,,,
DENK,21,Melehat Heybeli,V,https://www.bewegingdenk.nl/tweede-kamerverkiezingen-2025/,,,https://www.instagram.com/melehatheybeli?igsh=OXJid2l1OWR5c3Np,,
DENK,22,Adeel Mahmood,M,,,,,,
DENK,23,Majda Sakim,V,https://www.bewegingdenk.nl/tweede-kamerverkiezingen-2025/,,,https://www.instagram.com/melehatheybeli?igsh=OXJid2l1OWR5c3Np,,
DENK,24,Iliaas Abdoelrahman,M,,,,,,
DENK,25,Esra Al Mansoury,V,https://www.bewegingdenk.nl/tweede-kamerverkiezingen-2025/,https://www.linkedin.com/posts/esra-almansoury-8279722b8_jongerenbewegingoppositie-denk-activity-7274519257877540864-Rncn,,,,
DENK,26,Anissa Amraoui,V,https://www.bewegingdenk.nl/tweede-kamerverkiezingen-2025/,,,https://www.instagram.com/anissalina/?hl=en,,
DENK,27,Ranim Agha,V,https://www.bewegingdenk.nl/tweede-kamerverkiezingen-2025/,,,,,
DENK,28,Mustafa Bal,M,,,,,,
DENK,29,Zainab Abubaker,V,https://www.bewegingdenk.nl/tweede-kamerverkiezingen-2025/,,,,,
DENK,30,Burhan Aydin,M,,,,,,
DENK,31,Esraa Aboelkasem,V,https://www.bewegingdenk.nl/tweede-kamerverkiezingen-2025/,https://nl.linkedin.com/in/esraa-yasser-aboelkasem-74ab05237,,https://www.instagram.com/esraa.aboelkasem_/,,
DENK,32,Emin Ayverdi,M,,,,,,
DENK,33,Lamba Neshan,V,https://www.bewegingdenk.nl/tweede-kamerverkiezingen-2025/,https://www.linkedin.com/in/lamba-neshan-69322019a/,,https://www.instagram.com/lamba.neshan?igsh=MTdueGgwOXZhaTY0cg==,,
DENK,34,Gürkan Gökmen,M,,,,,,
DENK,35,Mohamed El Majjaoui,M,,,,,,
DENK,36,Omar Fkihi,M,,,,,,
DENK,37,Hakan Ünal,M,,,,,,
DENK,38,Naoufal Akhatab,M,,,,,,
DENK,39,Selim Özçelik,M,,,,,,
DENK,40,Can Bayrakci,M,,,,,,
DENK,41,Mustafa Kocabiyik,M,,,,,,
DENK,42,Achraf el Ghaddari,M,,,,,,
DENK,43,Beytullah Çelik,M,,,,,,
DENK,44,Beril Tacirlioğlu,V,https://www.bewegingdenk.nl/tweede-kamerverkiezingen-2025/,,,https://www.instagram.com/beriltacirlioglu?igsh=MW9sNXNzaTIycnkydQ==,,
DENK,45,Anouar Yacoubi,M,,,,,,
DENK,46,Erdoğan Şahin,M,,,,,,
DENK,47,Jamal Moussane,M,,,,,,
DENK,48,Yusuf Dağdelen,M,,,,,,
DENK,49,Tahsin Bülbül,M,,,,,,
DENK,50,Faouzi Achbar,M,,,,,,
ELLECT,1,Joana Amoah,V,,,,,,
ELLECT,2,Esther Morisson,V,,,,,,
ELLECT,3,Eddie de Sera,M,,,,,,
ELLECT,4,Katia Rodrigues de Souza,V,,,,,,
ELLECT,5,Ferdinand Anthonij de Jongh,M,,,,,,
ELLECT,6,Ruthsela Regalda Ustasia,V,,,,,,
ELLECT,7,Margo Celestine van Rhemen,V,,,,,,
ELLECT,8,Maria Joanna Petronella Vinken,V,,,,,,
FNP,1,Aant Jelle Soepboer,M,,,,,,
FNP,2,Durk Krol,M,,,,,,
FNP,3,Japke van Groning,V,https://www.fnp.frl/nl/tk-2025/,,,https://www.instagram.com/japke1979?igsh=MWtkczJkdnZzdjNvNg==,,
FNP,4,Aimée van der Ham,V,https://www.fnp.frl/nl/tk-2025/,,,,,
FNP,5,Roy Luca,M,,,,,,
FNP,6,Geke Kiers,V,https://www.fnp.frl/nl/tk-2025/,,https://x.com/gekekiers,https://www.instagram.com/kiersgeke?igsh=MW5lc2lxYTA1bGM4Zw==,,
FNP,7,Ate Bouma,M,,,,,,
FNP,8,Britte van Die,V,https://www.fnp.frl/nl/tk-2025/,,,https://www.instagram.com/lokaalbelangbritte/,,
FNP,9,Fasil Kuipers,M,,,,,,
FNP,10,Tsjeard Hofstra,M,,,,,,
FNP,11,Klaas Fokkinga,M,,,,,,
FNP,12,Colin Klingestijn,M,,,,,,
FNP,13,Sita Land-Dotinga,V,,,,,,
FNP,14,Jacob Wijnsma,M,,,,,,
FNP,15,Theun Wiersma,M,,,,,,
FNP,16,Nils van Mourik,M,,,,,,
FNP,17,Dinie Visser,V,,,,https://www.instagram.com/dinie_visser/,,
FNP,18,Peter Boomsma,M,,,,,,
FNP,19,Willem Wouda,M,,,,,,
FNP,20,Tieme Heeringa,M,,,,,,
FNP,21,Marco Hoekstra,M,,,,,,
FNP,22,Foppe Land,M,,,,,,
FNP,23,Thom Feddema,M,,,,,,
FNP,24,Tjitte Hemstra,M,,,,,,
FNP,25,Libbe Kees Talma,M,,,,,,
FNP,26,Dave Herms,M,,,,,,
FNP,27,Andries de Boer,M,,,,,,
FNP,28,Astrid de Deugd,V,,https://nl.linkedin.com/in/astrid-de-deugd-98899b12b,,https://www.instagram.com/astriddedeugd?igsh=MWMwajR0cXVqMmtv,https://www.facebook.com/dinie.visser.754/,
FNP,29,Pieter van Althuis,M,,,,,,
FNP,30,Age de Jong,M,,,,,,
FNP,31,Bert Vollema,M,,,,,,
FNP,32,Nynke Hinke Rintjema,V,,,,,https://www.facebook.com/nynke.hinke/,
FNP,33,Dieke van der Pol,V,,https://nl.linkedin.com/in/dieke-van-der-pol-07b76b18a,,,,
FNP,34,Alette Kleefstra,V,,,,,,
FNP,35,Trijntje Albada,V,,,,,,
FNP,36,Ultsje Hosper,M,,,,,,
FNP,37,Corrie Bergstra-Veldhuis,V,,,,,,
FNP,38,Sannah Debreczeni,V,,,,,,
FNP,39,Bouwina van Dellen,V,,https://nl.linkedin.com/in/bouwina-van-dellen-3984b3139,,,,
FNP,40,Frank de Boer,M,,,,,,
FNP,41,Henk de Boer,M,,,,,,
FNP,42,Tjibbe Brinkman,M,,,,,,
FNP,43,Jan Dijkstra,M,,,,,,
FNP,44,Durk Durksz,M,,,,,,
FNP,45,Sytze Brouwer,M,,,,,,
FNP,46,Harmen Brouwer,M,,,,,,
FNP,47,Hindrik van der Meer,M,,,,,,
FNP,48,Sijbe Knol,M,,,,,,
FNP,49,Sybren Singelsma,M,,,,,,
Forum voor Democratie,1,Lidewij de Vos,V,https://fvd.nl/kandidatenlijst,https://nl.linkedin.com/in/lidewij-de-vos-59279b157,https://x.com/lidewij_devos?ref_src=twsrc%5Egoogle%7Ctwcamp%5Eserp%7Ctwgr%5Eauthor,https://www.instagram.com/lidewij_devos/,https://www.facebook.com/profile.php?id=61580189461147,
Forum voor Democratie,2,Thierry Baudet,M,,,,,,
Forum voor Democratie,3,Gideon van Meijeren,M,,,,,,
Forum voor Democratie,4,Frederik Jansen,M,,,,,,
Forum voor Democratie,5,Ralf Dekker,M,,,,,,
Forum voor Democratie,6,Pepijn van Houwelingen,M,,,,,,
Forum voor Democratie,7,Peter van Duyvenvoorde,M,,,,,,
Forum voor Democratie,8,Tom Russcher,M,,,,,,
Forum voor Democratie,9,Massimo Etalle,M,,,,,,
Forum voor Democratie,10,Milan Schenk,M,,,,,,
Forum voor Democratie,11,Iem al Biyati,V,,,https://x.com/biemyati,https://www.instagram.com/biemyati/?hl=nl,https://www.facebook.com/iembutani/,
Forum voor Democratie,12,Andreas Bakir,M,,,,,,
Forum voor Democratie,13,Ramon van Asch,M,,,,,,
Forum voor Democratie,14,Nicolas Knoester,M,,,,,,
Forum voor Democratie,15,Pelle Koopman,M,,,,,,
Forum voor Democratie,16,Brigitte Antolini,V,,,https://x.com/BrigitteFVD?ref_src=twsrc%5Egoogle%7Ctwcamp%5Eserp%7Ctwgr%5Eauthor,,,
Forum voor Democratie,17,Esther Hendriksen,V,,https://www.linkedin.com/in/esthermauriks/?originalSubdomain=nl,,https://www.instagram.com/esther_hendriksen_fvd?igsh=Z2k3dmQ0NDZhZDF5,https://www.facebook.com/profile.php?id=61580092030101,
Forum voor Democratie,18,Brent Hadderingh,M,,,,,,
Forum voor Democratie,19,Tommy Panis,M,,,,,,
Forum voor Democratie,20,Vincent Vos,M,,,,,,
Forum voor Democratie,21,Fouad el Masoudi,M,,,,,,
Forum voor Democratie,22,Marco van den Boomgaard,M,,,,,,
Forum voor Democratie,23,Marianne Akkermans,V,,https://www.linkedin.com/in/3a7666334/?lipi=urn%3Ali%3Apage%3Ad_flagship3_search_srp_people%3B1nPLiRF7RDC1hR2JLmfufQ%3D%3D,https://x.com/akkermans_amigo?ref_src=twsrc%5Egoogle%7Ctwcamp%5Eserp%7Ctwgr%5Eauthor,https://www.instagram.com/akkermanslinssen/,https://www.facebook.com/marianne.akkermanslinssen,
Forum voor Democratie,24,Luca de Clippelaar,M,,,,,,
Forum voor Democratie,25,Moriah Hartman,V,,,,,,
Forum voor Democratie,26,Jelle Wittebrood,M,,,,,,
Forum voor Democratie,27,Jasper van der Voort,M,,,,,,
Forum voor Democratie,28,Peter Vermaas,M,,,,,,
Forum voor Democratie,29,Yvonne de Graaff,V,,,,,,
Forum voor Democratie,30,Maxime de Lange,V,,,,,,
Forum voor Democratie,31,Kay Burgemeester,M,,,,,,
Forum voor Democratie,32,Patty Spoek,V,,https://www.linkedin.com/in/patty-spoek-van-dinther-59638637/?originalSubdomain=nl,https://x.com/pspoek,https://www.instagram.com/pattyspoek/,,
Forum voor Democratie,33,Cirano van Haarlem,M,,,,,,
Forum voor Democratie,34,Yolande Boom,V,,,,,,
Forum voor Democratie,35,Claire Middelkoop,V,,https://www.linkedin.com/in/claire-middelkoop-b38568237/?originalSubdomain=nl,https://x.com/clairemiddelko2,,,
Forum voor Democratie,36,Jelena Postuma,V,,https://www.linkedin.com/in/jelenavictoriapostuma/?originalSubdomain=nl,https://x.com/jelenavictoria?ref_src=twsrc%5Egoogle%7Ctwcamp%5Eserp%7Ctwgr%5Eauthor,,https://www.facebook.com/jelena.postuma/?locale=nl_NL,
Forum voor Democratie,37,Elisabeth de Heer,V,,,,,,
Forum voor Democratie,38,Remco Roelofs,M,,,,,,
Forum voor Democratie,39,Theo Heller,M,,,,,,
Forum voor Democratie,40,Tibor Wouda,M,,,,,,
Forum voor Democratie,41,Peter Verstegen,M,,,,,,
Forum voor Democratie,42,Johan Dessing,M,,,,,,
Forum voor Democratie,43,Machiel de Graaf,M,,,,,,
Forum voor Democratie,44,Chris Meijdam,M,,,,,,
Forum voor Democratie,45,Pim van Rijswijk,M,,,,,,
Forum voor Democratie,46,Hans van de Breevaart,M,,,,,,
Forum voor Democratie,47,Bas Filippini,M,,,,,,
Forum voor Democratie,48,Anton van Schijndel,M,,,,,,
Forum voor Democratie,49,Leroy Alberts,M,,,,,,
Forum voor Democratie,50,Joris van den Oetelaar,M,,,,,,
GROENLINKS / Partij van de Arbeid (PvdA),1,Frans Timmermans,M,,,,,,
GROENLINKS / Partij van de Arbeid (PvdA),2,Esmah Lahlah,V,https://groenlinkspvda.nl/onze-mensen/tweede-kamer/esmah-lahlah/,https://nl.linkedin.com/in/esmah-lahlah-2b136212,https://x.com/a_lahlah?lang=en,https://www.instagram.com/esmah_lahlah/,,https://bsky.app/profile/esmahlahlah.bsky.social
GROENLINKS / Partij van de Arbeid (PvdA),3,Jesse Klaver,M,,,,,,
GROENLINKS / Partij van de Arbeid (PvdA),4,Kati Piri,V,https://groenlinkspvda.nl/onze-mensen/tweede-kamer/kati-piri/,https://nl.linkedin.com/in/kati-piri-4ab3a02,https://x.com/katipiri?lang=en,https://www.instagram.com/katipiri/?hl=en,https://www.facebook.com/KatiPiriMEP/,https://bsky.app/profile/katipiri.bsky.social
GROENLINKS / Partij van de Arbeid (PvdA),5,Lisa Westerveld,V,https://groenlinkspvda.nl/onze-mensen/tweede-kamer/lisa-westerveld/,https://nl.linkedin.com/in/lisawesterveld,https://x.com/lisawesterveld,https://www.instagram.com/lisa_westerveld/,https://www.facebook.com/LisaWesterveldGroenLinks/,https://bsky.app/profile/lisawesterveld.bsky.social
GROENLINKS / Partij van de Arbeid (PvdA),6,Marjolein Moorman,V,https://groenlinkspvda.nl/onze-mensen/kandidaten-tk25/marjolein-moorman/,https://nl.linkedin.com/in/marjoleinmoorman,https://x.com/marjoleinmoor?lang=en,https://www.instagram.com/marjolein_moorman/?hl=en,https://www.facebook.com/marjoleinpvda/,https://bsky.app/profile/marjoleinmoorman.bsky.social
GROENLINKS / Partij van de Arbeid (PvdA),7,Luc Stultiens,M,,,,,,
GROENLINKS / Partij van de Arbeid (PvdA),8,Habtamu de Hoop,M,,,,,,
GROENLINKS / Partij van de Arbeid (PvdA),9,Laura Bromet,V,https://groenlinkspvda.nl/onze-mensen/tweede-kamer/laura-bromet/,https://nl.linkedin.com/in/laura-bromet-b980aaa,https://x.com/laurabromet?lang=en,https://www.instagram.com/laurabromet/?hl=en,,https://bsky.app/profile/laurabromet.bsky.social
GROENLINKS / Partij van de Arbeid (PvdA),10,Sjoukje van Oosterhout,V,https://groenlinkspvda.nl/onze-mensen/kandidaten-tk25/sjoukje-van-oosterhout/,https://www.linkedin.com/in/sjoukjevanoosterhout/,https://x.com/annasjoukjevo?lang=en,https://www.instagram.com/sjoukjevanoosterhout/?hl=en,,https://bsky.app/profile/svanoosterhout.bsky.social
GROENLINKS / Partij van de Arbeid (PvdA),11,Julian Bushoff,M,,,,,,
GROENLINKS / Partij van de Arbeid (PvdA),12,Suzanne Kröger,V,https://groenlinkspvda.nl/onze-mensen/tweede-kamer/suzanne-kroger/,https://nl.linkedin.com/in/suzannekroger,https://x.com/suzanne_gl?lang=en,https://www.instagram.com/suzannekroger_gl/?hl=en,https://www.facebook.com/suzannegroenlinks/,https://bsky.app/profile/suzannekroger.bsky.social
GROENLINKS / Partij van de Arbeid (PvdA),13,Mohammed Mohandis,M,,,,,,
GROENLINKS / Partij van de Arbeid (PvdA),14,Mariëtte Patijn,V,https://groenlinkspvda.nl/onze-mensen/tweede-kamer/mariette-patijn/,https://www.linkedin.com/in/mariettepatijn/?originalSubdomain=nl,https://x.com/mpatijn?lang=en,https://www.instagram.com/mariettepatijn/?hl=en,,https://bsky.app/profile/patijn.bsky.social
GROENLINKS / Partij van de Arbeid (PvdA),15,Ani Zalinyan,V,https://groenlinkspvda.nl/onze-mensen/kandidaten-tk25/ani-zalinyan/,https://nl.linkedin.com/in/anizalinyan,,https://www.instagram.com/ani.zalinyan/?hl=en,,
GROENLINKS / Partij van de Arbeid (PvdA),16,Tom van der Lee,M,,,,,,
GROENLINKS / Partij van de Arbeid (PvdA),17,Songül Mutluer,V,https://groenlinkspvda.nl/onze-mensen/tweede-kamer/songul-mutluer/,https://nl.linkedin.com/in/song%C3%BCl-mutluer-221119b,https://x.com/songulmutluer?lang=en,https://www.instagram.com/songulmutluer/?hl=en,,https://bsky.app/profile/jadevdlinden.bsky.social
GROENLINKS / Partij van de Arbeid (PvdA),18,Wimar Bolhuis,M,,,,,,
GROENLINKS / Partij van de Arbeid (PvdA),19,Geert Gabriëls,M,,,,,,
GROENLINKS / Partij van de Arbeid (PvdA),20,Jimme Nordkamp,M,,,,,,
GROENLINKS / Partij van de Arbeid (PvdA),21,Jade van der Linden,V,https://groenlinkspvda.nl/onze-mensen/kandidaten-tk25/jade-van-der-linden/,https://nl.linkedin.com/in/jade-van-der-linden,,https://www.instagram.com/jade.vd.linden/?hl=en,,https://bsky.app/profile/jadevdlinden.bsky.social
GROENLINKS / Partij van de Arbeid (PvdA),22,Floor Roduner,M,,,,,,
GROENLINKS / Partij van de Arbeid (PvdA),23,Daniëlle Hirsch,V,https://groenlinkspvda.nl/onze-mensen/tweede-kamer/danielle-hirsch/,https://nl.linkedin.com/in/danielle-h-hirsch,https://x.com/danielle_h_be?lang=en,https://www.instagram.com/danielle__hirsch/,https://www.facebook.com/DanielleHirschGL/,https://bsky.app/profile/daniellehirsch.bsky.social
GROENLINKS / Partij van de Arbeid (PvdA),24,Fatihya Abdi,V,https://groenlinkspvda.nl/onze-mensen/kandidaten-tk25/fatihya-abdi/,https://nl.linkedin.com/in/fatihyaabdi,,https://www.instagram.com/fatihya_abdi/?hl=en,,https://bsky.app/profile/fatihyaabdi.bsky.social
GROENLINKS / Partij van de Arbeid (PvdA),25,Mikal Tseggai,V,https://groenlinkspvda.nl/onze-mensen/tweede-kamer/mikal-tseggai/,https://nl.linkedin.com/in/mikaltseggai,https://x.com/mikaltseggai?lang=en,https://www.instagram.com/mikaltseggai/?hl=en,https://www.facebook.com/MikalTseggai/,https://bsky.app/profile/mikaltseggai.bsky.social
GROENLINKS / Partij van de Arbeid (PvdA),26,Anita Pijpelink,V,https://groenlinkspvda.nl/onze-mensen/tweede-kamer/anita-pijpelink/,https://nl.linkedin.com/in/anita-pijpelink-b3544415,https://x.com/apijpelink?lang=en,https://www.instagram.com/anitapijpelink/,https://www.facebook.com/p/Anita-Pijpelink-61552649270541/,https://bsky.app/profile/anitapijpelink.bsky.social/post/3lihz3sfh2s2e
GROENLINKS / Partij van de Arbeid (PvdA),27,Lisa Vliegenthart,V,https://groenlinkspvda.nl/onze-mensen/kandidaten-tk25/lisa-vliegenthart/,https://nl.linkedin.com/in/lisa-vliegenthart-03b6659a,,https://www.instagram.com/lisavliegenthart/,,
GROENLINKS / Partij van de Arbeid (PvdA),28,Marco Esser,M,,,,,,
GROENLINKS / Partij van de Arbeid (PvdA),29,Marleen Haage,V,https://groenlinkspvda.nl/onze-mensen/kandidaten-tk25/marleen-haage-2/,https://nl.linkedin.com/in/marleenhaage,https://x.com/marleenhaage?lang=en,https://www.instagram.com/metmarleen/?hl=en,,https://bsky.app/profile/metmarleen.bsky.social
GROENLINKS / Partij van de Arbeid (PvdA),30,Raoul White,M,,,,,,
GROENLINKS / Partij van de Arbeid (PvdA),31,Iris Vrolijks,V,https://groenlinkspvda.nl/onze-mensen/kandidaten-tk25/iris-vrolijks/,https://nl.linkedin.com/in/iris-vrolijks-a96522128,https://x.com/ivrolijks?lang=en,https://www.instagram.com/irisvrolijks/?hl=en,https://www.facebook.com/iris.vrolijks/,
GROENLINKS / Partij van de Arbeid (PvdA),32,Barbara Kathmann,V,https://groenlinkspvda.nl/onze-mensen/tweede-kamer/barbara-kathmann/,https://nl.linkedin.com/in/barbara-kathmann-3a825738,,https://www.instagram.com/barbarakathmann/?hl=en,https://www.facebook.com/KathmannBarbara/,https://bsky.app/profile/did:plc:hu4k2wttrtyfyy2ylq4xqlcr
GROENLINKS / Partij van de Arbeid (PvdA),33,Lyle Muns,M,,,,,,
GROENLINKS / Partij van de Arbeid (PvdA),34,Hayte de Jong,M,,,,,,
GROENLINKS / Partij van de Arbeid (PvdA),35,Glimina Chakor,V,https://groenlinkspvda.nl/onze-mensen/tweede-kamer/glimina-chakor/,https://nl.linkedin.com/in/glimina-chakor-41004a5a,https://x.com/gliminachakor?lang=en,https://www.instagram.com/glimina_/?hl=en,,https://bsky.app/profile/gliminachakor.bsky.social
GROENLINKS / Partij van de Arbeid (PvdA),36,Marcel Vonk,M,,,,,,
GROENLINKS / Partij van de Arbeid (PvdA),37,Rick van der Zweth,M,,,,,,
GROENLINKS / Partij van de Arbeid (PvdA),38,Annerijn Vink,V,https://groenlinkspvda.nl/onze-mensen/kandidaten-tk25/annerijn-vink/,https://nl.linkedin.com/in/annerijn-vink,,https://www.instagram.com/annerijnvink,,https://bsky.app/profile/annerijn.bsky.social
GROENLINKS / Partij van de Arbeid (PvdA),39,Dennis Tak,M,,,,,,
GROENLINKS / Partij van de Arbeid (PvdA),40,Shadi Nikshomar,V,https://groenlinkspvda.nl/onze-mensen/kandidaten-tk25/shadi-nikshomar/,https://nl.linkedin.com/in/shadi-nikshomar-1029b2210,,https://www.instagram.com/shadinikshomar/,,
GROENLINKS / Partij van de Arbeid (PvdA),41,Imran Hyder,M,,,,,,
GROENLINKS / Partij van de Arbeid (PvdA),42,Lara Sibbing,V,https://groenlinkspvda.nl/onze-mensen/kandidaten-tk25/lara-sibbing/,https://nl.linkedin.com/in/larasibbing/en,,https://www.instagram.com/larasibbing/,,
GROENLINKS / Partij van de Arbeid (PvdA),43,Naomi Woltring,V,https://groenlinkspvda.nl/onze-mensen/kandidaten-tk25/naomi-woltring/,https://nl.linkedin.com/in/naomiwoltring,,,https://www.facebook.com/naomi.woltring/,
GROENLINKS / Partij van de Arbeid (PvdA),44,Daan Olivier,M,,,,,,
GROENLINKS / Partij van de Arbeid (PvdA),45,Tim de Kroon,M,,,,,,
GROENLINKS / Partij van de Arbeid (PvdA),46,Margreet de Boer,V,https://groenlinkspvda.nl/onze-mensen/kandidaten-tk25/margreet-de-boer/,https://nl.linkedin.com/in/margreet-de-boer,,,,https://bsky.app/profile/margreetdeboer.bsky.social
GROENLINKS / Partij van de Arbeid (PvdA),47,Ruben Boomsma,M,,,,,,
GROENLINKS / Partij van de Arbeid (PvdA),48,Tanja de Jonge,V,https://groenlinkspvda.nl/onze-mensen/kandidaten-tk25/tanja-de-jonge/,https://nl.linkedin.com/in/tdejonge,,,,https://bsky.app/profile/tanjadejonge.bsky.social
GROENLINKS / Partij van de Arbeid (PvdA),49,Ruchama Bwefar,V,https://groenlinkspvda.nl/onze-mensen/kandidaten-tk25/ruchama-bwefar/,https://nl.linkedin.com/in/ruchamaimana,,,,
GROENLINKS / Partij van de Arbeid (PvdA),50,Lotte Jeursen,V,https://groenlinkspvda.nl/onze-mensen/kandidaten-tk25/lotte-jeursen/,https://nl.linkedin.com/in/lotte-jeursen-6510b366,,,,
GROENLINKS / Partij van de Arbeid (PvdA),51,Jan Daenen,M,,,,,,
GROENLINKS / Partij van de Arbeid (PvdA),52,Fenna Bolding,V,https://groenlinkspvda.nl/onze-mensen/kandidaten-tk25/fenna-bolding/,https://nl.linkedin.com/in/fenna-bolding-3b5ab42a,,,,
GROENLINKS / Partij van de Arbeid (PvdA),53,Tamim Mehdi,M,,,,,,
GROENLINKS / Partij van de Arbeid (PvdA),54,Palwasha Hamzad,V,https://groenlinkspvda.nl/onze-mensen/kandidaten-tk25/palwasha-hamzad/,https://nl.linkedin.com/in/palwasha-hamzad-8b61a07a,,https://www.instagram.com/palwashahamzad?igsh=bXB3YnBrZGV2dWYx,https://www.facebook.com/palwashahamzad/,https://bsky.app/profile/palwashahamzad.bsky.social
GROENLINKS / Partij van de Arbeid (PvdA),55,Giovanni Visser,M,,,,,,
GROENLINKS / Partij van de Arbeid (PvdA),56,Margriet Schreuders,V,https://groenlinkspvda.nl/onze-mensen/kandidaten-tk25/margriet-schreuders/,https://nl.linkedin.com/in/margriet-schreuders-b5467ab,,,,
GROENLINKS / Partij van de Arbeid (PvdA),57,Milan Bijl,M,,,,,,
GROENLINKS / Partij van de Arbeid (PvdA),58,Ron Piepers,M,,,,,,
GROENLINKS / Partij van de Arbeid (PvdA),59,Ties Ammerlaan,M,,,,,,
GROENLINKS / Partij van de Arbeid (PvdA),60,Willemijn Punte-Zwart,V,https://groenlinkspvda.nl/onze-mensen/kandidaten-tk25/willemijn-punte-zwart/,https://nl.linkedin.com/in/willemijnzwart,,https://www.instagram.com/willemijnpuntezwart/,,https://bsky.app/profile/willemijn053.bsky.social
GROENLINKS / Partij van de Arbeid (PvdA),61,Hanneke Groenteman,V,https://groenlinkspvda.nl/onze-mensen/kandidaten-tk25/hanneke-groenteman/,https://www.linkedin.com/in/hanneke-groenteman/?original_referer=https%3A%2F%2Fwww%2Egoogle%2Ecom%2F&originalSubdomain=nl,,,,
GROENLINKS / Partij van de Arbeid (PvdA),62,Erik van Muiswinkel,M,,,,,,
GROENLINKS / Partij van de Arbeid (PvdA),63,Aafke Romeijn,V,https://groenlinkspvda.nl/onze-mensen/kandidaten-tk25/aafke-romeijn/,https://www.linkedin.com/in/aafkeromeijn/?originalSubdomain=nl,,https://www.instagram.com/aafkeromeijn/,,https://bsky.app/profile/aafkeromeijn.bsky.social
GROENLINKS / Partij van de Arbeid (PvdA),64,Vincent Bijlo,M,,,,,,
GROENLINKS / Partij van de Arbeid (PvdA),65,Leoni Jansen,V,https://groenlinkspvda.nl/onze-mensen/kandidaten-tk25/leoni-jansen/,,https://x.com/leonijansen?lang=en,https://www.instagram.com/leonijansenofficial/?hl=en,https://www.facebook.com/p/Leoni-Jansen-100038725792895/,https://bsky.app/profile/leonijansen.bsky.social
GROENLINKS / Partij van de Arbeid (PvdA),66,Abbie Chalgoum,M,,,,,,
GROENLINKS / Partij van de Arbeid (PvdA),67,Nynke de Jong,V,https://groenlinkspvda.nl/onze-mensen/kandidaten-tk25/nynke-de-jong/,https://nl.linkedin.com/posts/hayte-de-jong-59908010_nynke-de-jong-groenlinks-pvda-activity-7371856538195398656-88DT,https://x.com/nynkedejong83?lang=ar,,,https://bsky.app/profile/nynkedejong.bsky.social
GROENLINKS / Partij van de Arbeid (PvdA),68,Thijs Wattimena,M,,,,,,
GROENLINKS / Partij van de Arbeid (PvdA),69,Emine Uğur,V,https://groenlinkspvda.nl/onze-mensen/kandidaten-tk25/emine-ugur/,,https://x.com/overlistener,https://www.instagram.com/overlistener/?hl=en,,https://bsky.app/profile/overlistener.bsky.social
GROENLINKS / Partij van de Arbeid (PvdA),70,Jan Smeets,M,,,,,,
GROENLINKS / Partij van de Arbeid (PvdA),71,Laura Bas,V,https://groenlinkspvda.nl/onze-mensen/kandidaten-tk25/laura-bas/,https://nl.linkedin.com/in/laura-bas-6624b1139,,https://www.instagram.com/delaurabasboost/?hl=en,,
GROENLINKS / Partij van de Arbeid (PvdA),72,Abdelkader Karbache,M,,,,,,
GROENLINKS / Partij van de Arbeid (PvdA),73,Peter Blom,M,,,,,,
GROENLINKS / Partij van de Arbeid (PvdA),74,Sharon Gesthuizen,V,https://groenlinkspvda.nl/onze-mensen/kandidaten-tk25/sharon-gesthuizen/,https://www.linkedin.com/in/sharon-gesthuizen-35b90614/,,https://www.instagram.com/sharon_gesthuizen/,https://www.facebook.com/sharon.gesthuizen/,
GROENLINKS / Partij van de Arbeid (PvdA),75,Thijs Roovers,M,,,,,,
GROENLINKS / Partij van de Arbeid (PvdA),76,Agnes Jongerius,V,https://agnesjongerius.nl/,https://nl.linkedin.com/in/agnes-jongerius-62a20b64,https://x.com/a_jongerius?lang=en,https://www.instagram.com/agnesjongerius/,https://www.facebook.com/AgnesJongeriusMEP/,
GROENLINKS / Partij van de Arbeid (PvdA),77,Ineke van Gent,V,https://groenlinkspvda.nl/onze-mensen/kandidaten-tk25/ineke-van-gent/,,https://x.com/inekevangent,,,https://bsky.app/profile/inekevangent.bsky.social
GROENLINKS / Partij van de Arbeid (PvdA),78,Andrée van Es,V,https://groenlinkspvda.nl/onze-mensen/kandidaten-tk25/andree-van-es/,,,,,
GROENLINKS / Partij van de Arbeid (PvdA),79,Jan Pronk,M,,,,,,
GROENLINKS / Partij van de Arbeid (PvdA),80,Hedy d' Ancona,V,https://groenlinkspvda.nl/onze-mensen/kandidaten-tk25/hedy-dancona/,,,,,
JA21,1,Joost Eerdmans,M,,,,,,
JA21,2,Annabel Nanninga,V,,https://nl.linkedin.com/in/annabel-nanninga-228738158,https://x.com/ANanninga/,https://www.instagram.com/ananninga,https://www.facebook.com/annabel.nanninga?locale=nl_NL,
JA21,3,Ingrid Coenradie,V,,https://www.linkedin.com/in/ingridcoenradie/,,,https://www.facebook.com/profile.php?id=61565491834397&locale=nl_NL,
JA21,4,Michiel Hoogeveen,M,,,,,,
JA21,5,Simon Ceulemans,M,,,,,,
JA21,6,Diederik Boomsma,M,,,,,,
JA21,7,Daniël van den Berg,M,,,,,,
JA21,8,Maarten Goudzwaard,M,,,,,,
JA21,9,Ranjith Clemminck-Croci,M,,,,,,
JA21,10,Michel van Elck,M,,,,,,
JA21,11,Philippe Schyns,M,,,,,,
JA21,12,Geert Koster,M,,,,,,
JA21,13,Stijn Hesselink,M,,,,,,
JA21,14,Ivo Mantel,M,,,,,,
JA21,15,Cynthia Gordijn,V,,https://www.linkedin.com/in/cynthiagordijn,https://x.com/CynthiaGordijn,,https://www.facebook.com/cynthiagordijn?locale=nl_NL,
JA21,16,Matthias Jager,M,,,,,,
JA21,17,Floor van Scherpenzeel,V,,https://nl.linkedin.com/in/floor-van-scherpenzeel,https://x.com/FloorvanScherp,,,
JA21,18,Ronald Dijksterhuis,M,,,,,,
JA21,19,Kevin Nuijten,M,,,,,,
JA21,20,Thom van Vugt,M,,,,,,
JA21,21,Leon Baten,M,,,,,,
JA21,22,Stijn van Ede,M,,,,,,
JA21,23,Ruben Laurijssens,M,,,,,,
JA21,24,Melissa Hoogerwerf,V,,https://nl.linkedin.com/in/melissa-hoogerwerf,,,,
JA21,25,Roy de Bruin,M,,,,,,
JA21,26,Roman Determan,M,,,,,,
JA21,27,Pauline de Bes,V,,https://www.linkedin.com/in/pauline-de-bes-ll-m-57b106a8/,https://x.com/debes_JA21,https://www.instagram.com/pdebesantoun/,https://www.facebook.com/pauline.antoun?locale=nl_NL,
JA21,28,Gert Heijkoop,M,,,,,,
JA21,29,Nawin Ramcharan,M,,,,,,
JA21,30,Frans van Zaalen,M,,,,,,
JA21,31,Jaimy Meyer,M,,,,,,
JA21,32,Maike Manon Damen-Flobbe,V,,https://www.linkedin.com/in/maikemanonflobbe,,https://www.instagram.com/maike_manon/,https://www.facebook.com/maike.flobbe?locale=nl_NL,
JA21,33,Servaas Roos,M,,,,,,
JA21,34,Dennis Lens van Rijn,M,,,,,,
JA21,35,Paul Chung,M,,,,,,
JA21,36,Hans Kövi,M,,,,,,
JA21,37,Mees Uijens,M,,,,,,
JA21,38,Nima Hakim,M,,,,,,
JA21,39,Arthur van Geest,M,,,,,,
JA21,40,Philip Drent,M,,,,,,
JA21,41,Ian Patrick Meere,M,,,,,,
JA21,42,Marnix van den Berk,M,,,,,,
JA21,43,Artak Avdaljan,M,,,,,,
JA21,44,Jens Ernst,M,,,,,,
JA21,45,Marco Pastors,M,,,,,,
JA21,46,Simon Fortuyn,M,,,,,,
LP (Libertaire Partij),1,Tom van Lamoen,M,,,,,,
LP (Libertaire Partij),2,Hester Bais,V,https://stemlp.nl/kandidaat/hester-bais/,https://www.linkedin.com/in/hester-bais-9445892/,https://twitter.com/Wftproof/,https://www.instagram.com/hester.bais/,,
LP (Libertaire Partij),3,Rico Brouwer,M,,,,,,
LP (Libertaire Partij),4,Frederique Durlacher,V,https://stemlp.nl/kandidaat/frederique-durlacher/,https://www.linkedin.com/in/frederique-durlacher-84522642/,https://x.com/fredurlacher?lang=en,https://www.instagram.com/frederiquedurlacher?igsh=MXNtajljZzJjNzN1,https://www.facebook.com/durlacherweetraad/,
LP (Libertaire Partij),5,Aaron Winters,M,,,,,,
LP (Libertaire Partij),6,Esra van Beelen,V,https://stemlp.nl/kandidaat/esra-van-beelen/,https://www.linkedin.com/in/esravanbeelen/,https://x.com/esramsterdam,,,
LP (Libertaire Partij),7,Peter van der Helm,M,,,,,,
LP (Libertaire Partij),8,Roald Schoenmakers,M,,,,,,
LP (Libertaire Partij),9,Tilian Honig,M,,,,,,
LP (Libertaire Partij),10,Pieter Visser,M,,,,,,
LP (Libertaire Partij),11,Martin de Haan,M,,,,,,
LP (Libertaire Partij),12,Jip Meijer,M,,,,,,
LP (Libertaire Partij),13,Quintus Backhuijs,M,,,,,,
LP (Libertaire Partij),14,Ruud van Dijk,M,,,,,,
LP (Libertaire Partij),15,Peter Hartkamp,M,,,,,,
LP (Libertaire Partij),16,Ancilla Van de Leest,V,https://stemlp.nl/kandidaat/ancilla-van-de-leest/,https://www.linkedin.com/in/ancilla-van-de-leest-444b0b16/,,,,
LP (Libertaire Partij),17,Marcel Crok,M,,,,,,
NL PLAN,1,Kok Chan,M,,,,,,
Nieuw Sociaal Contract (NSC),1,Eddy van Hijum,M,,,,,,
Nieuw Sociaal Contract (NSC),2,Judith Uitermark,V,https://partijnieuwsociaalcontract.nl/kandidaten/2-judith-uitermark,https://www.linkedin.com/in/judith-uitermark-820278a7/,,,https://www.facebook.com/teter.ingen.1?locale=nl_NL,
Nieuw Sociaal Contract (NSC),3,Merlien Welzijn,V,https://partijnieuwsociaalcontract.nl/kandidaten/3-merlien-welzijn,https://www.linkedin.com/in/merlienwelzijn/,https://x.com/Merlien_Welzijn,https://www.instagram.com/merlienwelzijn,,https://bsky.app/profile/merlienwelzijn.bsky.social/
Nieuw Sociaal Contract (NSC),4,Tjebbe van Oostenbruggen,M,,,,,,
Nieuw Sociaal Contract (NSC),5,Natascha Wingelaar,V,https://partijnieuwsociaalcontract.nl/kandidaten/5-natascha-wingelaar,https://www.linkedin.com/in/nataschawingelaar/,https://x.com/WingelaarN,https://www.instagram.com/nataschawingelaar/,https://www.facebook.com/natascha.wingelaar?locale=nl_NL,https://bsky.app/profile/nataschawingelaar.bsky.social
Nieuw Sociaal Contract (NSC),6,Ilse Saris,V,https://partijnieuwsociaalcontract.nl/kandidaten/6-ilse-saris,https://nl.linkedin.com/in/ilsesaris,https://x.com/Ilse_SarisNieuw Sociaal Contract (NSC),,,
Nieuw Sociaal Contract (NSC),7,Jurr van Dalen,M,,,,,,
Nieuw Sociaal Contract (NSC),8,Faith Bruyning,V,https://partijnieuwsociaalcontract.nl/kandidaten/8-faith-bruyning,https://www.linkedin.com/in/faith-bruyning-75420935/,https://x.com/FaithBruyning,https://www.instagram.com/faithbruyning/,https://www.facebook.com/faith.bruyning?locale=nl_NL,
Nieuw Sociaal Contract (NSC),9,Thomas Beukema,M,,,,,,
Nieuw Sociaal Contract (NSC),10,Simon Geleijnse,M,,,,,,
Nieuw Sociaal Contract (NSC),11,Willem Koops,M,,,,,,
Nieuw Sociaal Contract (NSC),12,Vincent Verouden,M,,,,,,
Nieuw Sociaal Contract (NSC),13,Bram Kouwenhoven,M,,,,,,
Nieuw Sociaal Contract (NSC),14,Rob Wessels,M,,,,,,
Nieuw Sociaal Contract (NSC),15,Jan Vredenburg,M,,,,,,
Nieuw Sociaal Contract (NSC),16,Jamilja van der Meulen,V,https://partijnieuwsociaalcontract.nl/kandidaten/16-jamilja-van-der-meulen,https://www.linkedin.com/in/jamilja-van-der-meulen/,,,,
Nieuw Sociaal Contract (NSC),17,Ria de Korte,V,https://partijnieuwsociaalcontract.nl/kandidaten/17-ria-de-korte,https://www.linkedin.com/in/ria-de-korte-0a671031/,https://x.com/RiadeKorte,https://www.instagram.com/dekorteria/,https://www.facebook.com/ria.dekorte.9?locale=nl_NL,
Nieuw Sociaal Contract (NSC),18,Rinke van der Duim,M,,,,,,
Nieuw Sociaal Contract (NSC),19,Mireille Louwerens-Huys,V,https://partijnieuwsociaalcontract.nl/kandidaten/19-mireille-louwerens-huys,https://www.linkedin.com/in/mireille-louwerens-7908832b5/,,https://www.instagram.com/mireillelouwerens/,,
Nieuw Sociaal Contract (NSC),20,Quintijn Mauer,M,,,,,,
Nieuw Sociaal Contract (NSC),21,Inge Mol,V,https://partijnieuwsociaalcontract.nl/kandidaten/21-inge-mol,https://www.linkedin.com/in/inge-mol-7b0135b8/,,,,
Nieuw Sociaal Contract (NSC),22,Patrick Goorhuis,M,,,,,,
Nieuw Sociaal Contract (NSC),23,Kristan IJkema,M,,,,,,
Nieuw Sociaal Contract (NSC),24,Luka Bootsma,M,,,,,,
Nieuw Sociaal Contract (NSC),25,Tatjana Meijvogel-Volk,V,https://partijnieuwsociaalcontract.nl/kandidaten/25-tatjana-meijvogel-volk,https://www.linkedin.com/in/tatjana-meijvogel-volk-2040b811,,,https://www.facebook.com/tatjana.meijvogelvolk?locale=nl_NL,
Nieuw Sociaal Contract (NSC),26,Kevin Hermse,M,,,,,,
Nieuw Sociaal Contract (NSC),27,Wil Steijling,V,https://partijnieuwsociaalcontract.nl/kandidaten/27-wilhelmina-steijling,https://www.linkedin.com/in/wilhelmina-steijling-305b6a68/,,,,
Nieuw Sociaal Contract (NSC),28,Jos Roelofs,M,,,,,,
Nieuw Sociaal Contract (NSC),29,Jos van Ginneken,M,,,,,,
Nieuw Sociaal Contract (NSC),30,Dirk Gotink,M,,,,,,
Nieuw Sociaal Contract (NSC),31,Titia Jonkman,V,https://partijnieuwsociaalcontract.nl/kandidaten/31-titia-jonkman,https://www.linkedin.com/in/titia-van-kranenburg-86bb17215/,,,,
Nieuw Sociaal Contract (NSC),32,Colette Kersten,V,https://partijnieuwsociaalcontract.nl/kandidaten/32-colette-kersten,https://www.linkedin.com/in/colette-kersten/,,https://www.instagram.com/colette.kersten/,,
Partij voor de Dieren,1,Esther Ouwehand,V,https://www.partijvoordedieren.nl/personen/esther-ouwehand,https://nl.linkedin.com/in/esther-ouwehand-735025160,https://x.com/estherouwehand?lang=en,https://www.instagram.com/estherouwehandpvdd/?hl=en,https://www.facebook.com/EstherOuwehand.PvdD/,https://bsky.app/profile/estherouwehand.bsky.social
Partij voor de Dieren,2,Ines Kostić,X,https://www.partijvoordedieren.nl/personen/ines-kostic,https://nl.linkedin.com/in/ines-kosti%C4%87,https://x.com/ineskostic?lang=en,https://www.instagram.com/ineskostic/?hl=en,,https://bsky.app/profile/ineskostic.bsky.social
Partij voor de Dieren,3,Christine Teunissen,V,https://www.partijvoordedieren.nl/personen/christine-teunissen,https://nl.linkedin.com/in/christineteunissen,https://x.com/ct_teunissen?lang=en,https://www.instagram.com/christine_teunissen/?hl=en,https://www.facebook.com/TeunissenPvdD/,https://bsky.app/profile/christinepvdd.bsky.social
Partij voor de Dieren,4,Falco van Hassel,M,,,,,,
Partij voor de Dieren,5,Debbie Mathijsen,V,https://www.partijvoordedieren.nl/personen/debbie-mathijsen,https://nl.linkedin.com/in/debbie-mathijsen-33479020,,https://www.instagram.com/debbiemathijsen/?hl=en,https://www.facebook.com/debbie.mathijsen/,https://bsky.app/profile/debbiemathijsen.bsky.social
Partij voor de Dieren,6,Kjell van Wijlandt,M,,,,,,
Partij voor de Dieren,7,Anna Krijger,V,https://www.partijvoordedieren.nl/personen/anna-krijger,https://nl.linkedin.com/in/anna-krijger-10b53b211,https://x.com/annakrijger,https://www.instagram.com/anna.krijger/?hl=en,,https://bsky.app/profile/annakrijger.bsky.social
Partij voor de Dieren,8,Martine van Schaik-Gerritsen,V,https://leiden.partijvoordedieren.nl/personen/martine-van-schaik-gerritsen,https://nl.linkedin.com/in/martine-van-schaik-6457645,,https://www.instagram.com/martinevschaik/,,
Partij voor de Dieren,9,Willemijn Stoffels,V,https://www.partijvoordedieren.nl/personen/willemijn-stoffels,https://nl.linkedin.com/in/willemijnstoffels,,,,
Partij voor de Dieren,10,Pinar Coşkun,V,https://www.partijvoordedieren.nl/personen/p%C4%B1nar-co%C5%9Fkun,https://nl.linkedin.com/in/pinar-coskun-89abb612,,https://www.instagram.com/pinarvoordedieren/?hl=en,https://www.facebook.com/pinar.coskun.142/,
Partij voor de Dieren,11,Anjo Travaille,M,,,,,,
Partij voor de Dieren,12,Freek Bersch,M,,,,,,
Partij voor de Dieren,13,Ronan van Langen,X,https://www.partijvoordedieren.nl/personen/ronan-van-langen,https://nl.linkedin.com/in/ronan-van-langen-870666168,,https://www.instagram.com/ronanvanlangen/?hl=en,,
Partij voor de Dieren,14,Pieter Groenewege,M,,,,,,
Partij voor de Dieren,15,Merel Muller,V,https://www.merelmuller.nl/,https://nl.linkedin.com/in/merel-muller-840a18236,https://x.com/merel__muller,https://www.instagram.com/merel_muller/,,
Partij voor de Dieren,16,Robert Barker,M,,,,,,
Partij voor de Dieren,17,Olivia Butterman,V,https://www.partijvoordedieren.nl/personen/olivia-butterman,https://nl.linkedin.com/in/olivia-butterman-904674b,,https://www.instagram.com/oliviabutterman/?hl=en,,https://bsky.app/profile/oliviapvdd.bsky.social
Partij voor de Dieren,18,Yuri Zandwijken,M,,,,,,
Partij voor de Dieren,19,Jildert Huitema,M,,,,,,
Partij voor de Dieren,20,Cynthia Pallandt,V,https://www.partijvoordedieren.nl/personen/cynthia-pallandt,https://www.linkedin.com/in/cynthia-pallandt/?locale=en_US,,https://www.instagram.com/cynthiapallandt/,,https://bsky.app/profile/cynthiapallandt.bsky.social
Partij voor de Dieren,21,Stella Pieterson,V,https://www.partijvoordedieren.nl/personen/stella-pieterson,https://nl.linkedin.com/in/destellaipsa,https://x.com/stellapieterson,https://www.instagram.com/probably_awake/?hl=en,,
Partij voor de Dieren,22,Ana Karadarević,V,https://www.partijvoordedieren.nl/personen/ana-karadarevi%C4%87,https://nl.linkedin.com/in/ana-karadarevi%C4%87-5035193,,https://www.instagram.com/anakaradarevic/?hl=en,,https://bsky.app/profile/anakaradarevic.bsky.social
Partij voor de Dieren,23,Nayra van Lubek,X,https://www.partijvoordedieren.nl/personen/nayra-van-lubek,https://www.linkedin.com/in/nayra-van-lubek/?originalSubdomain=nl,,,,
Partij voor de Dieren,24,Jacqueline van den Broek,V,https://www.partijvoordedieren.nl/personen/jacqueline-van-den-broek,https://nl.linkedin.com/in/jacqueline-van-den-broek-2676916,https://x.com/jacqueline_1978?lang=en,https://www.instagram.com/jacqueline_van_den_broek/,,https://bsky.app/profile/jacqueline-1978.bsky.social
Partij voor de Dieren,25,Danielle van de Weerd,V,https://www.partijvoordedieren.nl/personen/danielle-van-de-weerd,https://nl.linkedin.com/in/fransrecht,,https://www.instagram.com/weerddaniellevande/,,https://bsky.app/profile/danielleweerd.bsky.social
Partij voor de Dieren,26,Gaby Markandu,V,https://www.partijvoordedieren.nl/personen/gaby-markandu,https://nl.linkedin.com/in/gaby-markandu,,https://www.instagram.com/gabymarkandu/?hl=en,https://www.facebook.com/gabriellemarkandu/,https://bsky.app/profile/gabymarkandu.bsky.social
Partij voor de Dieren,27,Win Scheijde,V,https://www.partijvoordedieren.nl/personen/win-scheijde,,,,,
Partij voor de Dieren,28,Eline Lauret,V,https://www.partijvoordedieren.nl/personen/eline-lauret,https://nl.linkedin.com/in/elinelauret,https://x.com/elinelauret?lang=en,https://www.instagram.com/vossalineterual/,https://www.facebook.com/eline.lauret/,
Partij voor de Dieren,29,Anne-Miep Vlasveld,V,https://www.partijvoordedieren.nl/personen/anne-miep-vlasveld,https://nl.linkedin.com/in/anne-miep-vlasveld-b928a0169,https://x.com/pvdd_annemiep,https://www.instagram.com/pvdd.annemiep.vlasveld/?hl=en,,
Partij voor de Dieren,30,Noï van Mondfrans,V,https://www.partijvoordedieren.nl/personen/no%C3%AF-van-mondfrans,https://nl.linkedin.com/in/no%C3%AF-van-mondfrans-7ab751270,,https://www.instagram.com/annoiiyed/?hl=en,,https://bsky.app/profile/annoiiyed.bsky.social
Partij voor de Dieren,31,Navid Madani,M,,,,,,
Partij voor de Dieren,32,Pam Wijnans,V,https://www.partijvoordedieren.nl/personen/pam-wijnans,,,https://www.instagram.com/pamwijnans/,,
Partij voor de Dieren,33,Yeattem Wong,V,https://www.partijvoordedieren.nl/personen/yeattem-wong,https://nl.linkedin.com/in/yeattem-wong-71361393,,https://www.instagram.com/yeattem/?__d=11,,
Partij voor de Dieren,34,Janneke van Lierop,V,https://www.partijvoordedieren.nl/personen/janneke-van-lierop,https://www.linkedin.com/in/janneke-van-lierop-a0206446/,,https://www.instagram.com/janneke.vanlierop/,https://www.facebook.com/janneke.vanlierop/,
Partij voor de Dieren,35,Arjan Groters,M,,,,,,
Partij voor de Dieren,36,Anne Johan Woudstra,M,,,,,,
Partij voor de Dieren,37,Vania Nasroen,V,https://www.partijvoordedieren.nl/personen/vania-nasroen,,,,,
Partij voor de Dieren,38,Jasper van Loo,X,,,,,,
Partij voor de Dieren,39,Tim van der Toorn,M,,,,,,
Partij voor de Dieren,40,Judith Lammers,V,https://www.partijvoordedieren.nl/personen/judith-lammers,https://www.linkedin.com/in/judithlammers/,https://x.com/judithlammers?lang=en,https://www.instagram.com/judithlammers1/,,https://bsky.app/profile/judithlammers.bsky.social
Partij voor de Dieren,41,Peter Lievense,M,,,,,,
Partij voor de Dieren,42,Ceyhun Eroğlu,M,,,,,,
Partij voor de Dieren,43,Angélique Voskamp,V,https://www.partijvoordedieren.nl/personen/ang%C3%A9lique-voskamp,https://nl.linkedin.com/in/ang%C3%A9lique-voskamp-43010531,,https://www.instagram.com/virgievegie/,https://www.facebook.com/angelique.voskamp/,
Partij voor de Dieren,44,Virginia Jonkers,V,https://eindhoven.partijvoordedieren.nl/personen/virginia-jonkers,https://nl.linkedin.com/in/virginiajonkers,https://x.com/virginiajonkers?lang=kn,https://www.instagram.com/p/DNfrP09syEw/,,
Partij voor de Dieren,45,Janneke Schotveld,V,https://www.partijvoordedieren.nl/personen/janneke-schotveld,,,https://www.instagram.com/schotveldjanneke/?hl=en,,https://bsky.app/profile/jannekeschotveld.bsky.social
Partij voor de Dieren,46,Jesse Luijendijk,M,,,,,,
Partij voor de Dieren,47,Eva van Esch,V,https://www.partijvoordedieren.nl/personen/eva-van-esch,https://nl.linkedin.com/in/eva-van-esch/en,,https://www.instagram.com/evavanesch_pvdd/?hl=en,,
Partij voor de Dieren,48,Frank Wassenberg,M,,,,,,
Partij voor de Dieren,49,Ria Strik,V,https://www.partijvoordedieren.nl/personen/ria-strik,https://www.linkedin.com/in/ria-strik-25040782/?locale=nl_NL,,https://www.instagram.com/strikkie?igsh=dnZ4Zm54Nnh0NnBr,,https://bsky.app/profile/strikkie91.bsky.social
Partij voor de Dieren,50,Lizzy van Coeverden,V,https://www.partijvoordedieren.nl/personen/lizzy-van-coeverden,https://nl.linkedin.com/in/lizzyvancoeverden,,https://www.instagram.com/lizzyvancoeverden/,,
Partij voor de Rechtsstaat,1,Danielle Tulp,V,,https://nl.linkedin.com/in/vempwr,,https://www.instagram.com/matriarchvempwr/?hl=en,,
Partij voor de Rechtsstaat,2,Kimberley Fer,V,,,,https://www.instagram.com/enon.fer?igsh=MXN3ZGVoa3FmdGY1,,
Partij voor de Rechtsstaat,3,Remy Leurs,V,,https://www.linkedin.com/in/remyjoyceleurs/,,https://www.instagram.com/leursopatja?igsh=MWVoeWRmN2Z4b2xncw==,https://www.facebook.com/p/Auteur-Remy-Joyce-Leurs-61576782832658/,
Partij voor de Rechtsstaat,4,Funda Ileri,V,,,,https://www.instagram.com/fundailerism/,https://www.facebook.com/fundaileri08/,
Partij voor de Rechtsstaat,5,Mehmet Sagsu,M,,,,,,
Partij voor de Rechtsstaat,6,Clyde Walker,M,,,,,,
Partij voor de Rechtsstaat,7,Wilfred Zielman,M,,,,,,
Partij voor de Rechtsstaat,8,Gymaine Inen,V,,,,https://www.instagram.com/fundailerism?igsh=Nm1raWNpMjU0MTFl,,
Partij voor de Rechtsstaat,9,Miranda Damkat,V,,https://nl.linkedin.com/in/miranda-damkat-716b472a0,,https://www.instagram.com/mirandamkat?igsh=NHZqdW9rbjlhNHQ2,,
Partij voor de Rechtsstaat,10,Latoya Hallatu,V,,,,,,
Partij voor de Rechtsstaat,11,Abd Alfarrah,M,,,,,,
Partij voor de Rechtsstaat,12,Gerben de Vos,M,,,,,,
Partij voor de Rechtsstaat,13,Edmee Verstraten,V,,,,,,
Partij voor de Rechtsstaat,14,Fawzia Dhahar,V,,,,,,
Partij voor de Rechtsstaat,15,Moray Juffermans,M,,,,,,
Partij voor de Rechtsstaat,16,Bnar Gurdji,M,,,,,,
Partij voor de Rechtsstaat,17,Jan Krijger,M,,,,,,
Partij voor de Rechtsstaat,18,Alexander van der Velden,M,,,,,,
Partij voor de Rechtsstaat,19,Nathalie Sijbesma,V,,,,,,
Partij voor de Rechtsstaat,20,Mirurgia Breinburg,V,,https://www.linkedin.com/in/m-irurgia-b-71bb4771/,,,,
Partij voor de Rechtsstaat,21,Elias Schreuder,M,,,,,,
Partij voor de Rechtsstaat,22,Annemarie Schaacke,V,,https://nl.linkedin.com/in/annemarie-m-schaacke-%F0%9F%8C%88-%F0%9F%87%B3%F0%9F%87%B1-2b115730,,,,
Piratenpartij,1,Matthijs Pontier,M,,,,,,
Piratenpartij,2,Kirsten Zimmerman,V,https://piratenpartij.nl/kirsten-stelt-zich-voor/,https://nl.linkedin.com/in/kirstenzimmerman,,,,
Piratenpartij,3,Arjan Bresser,M,,,,,,
Piratenpartij,4,Saira Sadloe,V,https://piratenpartij.nl/verkiezingen_tk2021/kandidaten/sadloe/,,,,,
Piratenpartij,5,Wietze Brandsma,M,,,,,,
Piratenpartij,6,Goof Pontier,M,,,,,,
Piratenpartij,7,David van Deijk,M,,,,,,
Piratenpartij,8,Sabrina Grossman,V,https://piratenpartij.nl/kandidaten-tk2025/#Sabrina_Grossman,https://www.linkedin.com/in/sabrina-grossman-zorg-hulpwaar-partij-bijzonder/,,,,
Piratenpartij,9,Eskild Wikkeling,M,,,,,,
Piratenpartij,10,Fleur Bergman,V,https://piratenpartij.nl/kandidaten-tk2025/#Fleur_Bergman,,,,,
Piratenpartij,11,Mark van Treuren,M,,,,,,
Piratenpartij,12,Mirjam van Rijn,V,https://piratenpartij.nl/verkiezingen_tk2021/rijn/,https://nl.linkedin.com/in/mirvrijn,https://x.com/m00000,,,
Piratenpartij,13,Jean-Aimé Musangamfura,M,,,,,,
Piratenpartij,14,Dmitri Schrama,M,,,,,,
Piratenpartij,15,Dylan Hallegraeff,M,,,,,,
Piratenpartij,16,Bianca Lubben,V,https://piratenpartij.nl/kandidaten-tk2025/#Bianca_Lubben,,,,,
Piratenpartij,17,Kees Valkhof,M,,,,,,
Piratenpartij,18,Peter Braun,M,,,,,,
Piratenpartij,19,Nabille El Hajoui,M,,,,,,
Piratenpartij,20,Teunis van Nes,M,,,,,,
Piratenpartij,21,Fanni Horvath,V,,,,,,
Piratenpartij,22,Wouter van Dijke,M,,,,,,
Piratenpartij,23,Angeline Pot,V,https://piratenpartij.nl/kandidaten-tk2025/#Angeline_Pot,https://nl.linkedin.com/in/angeline-pot-a192662a,,,,
Piratenpartij,24,Edy Bouma,M,,,,,,
Piratenpartij,25,Frank Wijnans,M,,,,,,
Piratenpartij,26,Ron Smit,M,,,,,,
Piratenpartij,27,Aloy Nauta,M,,,,,,
Piratenpartij,28,Ryszard Matenko,M,,,,,,
Piratenpartij,29,Roberto Haak,M,,,,,,
Piratenpartij,30,André Linnenbank,M,,,,,,
Piratenpartij,31,Vincent van der Velde,M,,,,,,
Piratenpartij,32,Jaap baron van Till,M,,,,,,
Piratenpartij,33,Metje Blaak,V,https://piratenpartij.nl/verkiezingen_tk2021/kandidaten/blaak/,,,https://www.instagram.com/blaakmetje?igsh=MXRjM3J0ZmdjaG94dA==,,
PVV (Partij voor de Vrijheid),1,Geert Wilders,M,,,,,,
PVV (Partij voor de Vrijheid),2,Sebastiaan Stöteler,M,,,,,,
PVV (Partij voor de Vrijheid),3,Shanna Schilder,V,,https://www.linkedin.com/in/shanna-schilder-747095b3/,,,,
PVV (Partij voor de Vrijheid),4,Annelotte Lammers,V,,,,,,
PVV (Partij voor de Vrijheid),5,Gidi Markuszower,M,,,,,,
PVV (Partij voor de Vrijheid),6,Martin Bosma,M,,,,,,
PVV (Partij voor de Vrijheid),7,René Claassen,M,,,,,,
PVV (Partij voor de Vrijheid),8,Teun van Dijck,M,,,,,,
PVV (Partij voor de Vrijheid),9,Marjolein Faber,V,,,,,,https://bsky.app/profile/pvvfaber.bsky.social
PVV (Partij voor de Vrijheid),10,Vicky Maeijer,V,,https://www.linkedin.com/in/vickymaeijer/?originalSubdomain=nl,https://x.com/vickymaeijer?lang=en,https://www.instagram.com/staslmzmaeijer/,,
PVV (Partij voor de Vrijheid),11,Edgar Mulder,M,,,,,,
PVV (Partij voor de Vrijheid),12,Alexander Kops,M,,,,,,
PVV (Partij voor de Vrijheid),13,Elmar Vlottes,M,,,,,,
PVV (Partij voor de Vrijheid),14,Marina Vondeling,V,https://www.pvv.nl/tweede-kamerfractie.html?view=article&id=11118&catid=103,https://www.linkedin.com/in/marina-vondeling-372538150/?originalSubdomain=nl,https://x.com/VondelingMarina?ref_src=twsrc%5Egoogle%7Ctwcamp%5Eserp%7Ctwgr%5Eauthor,https://www.instagram.com/marinavondeling/,,
PVV (Partij voor de Vrijheid),15,Hidde Heutink,M,,,,,,
PVV (Partij voor de Vrijheid),16,Jeremy Mooiman,M,,,,,,
PVV (Partij voor de Vrijheid),17,Nicole Moinat,V,,https://www.linkedin.com/in/nicole-moinat-0a5663329/?originalSubdomain=nl,https://x.com/nicolemoinat?lang=en,,,
PVV (Partij voor de Vrijheid),18,Dion Graus,M,,,,,,
PVV (Partij voor de Vrijheid),19,Emiel van Dijk,M,,,,,,
PVV (Partij voor de Vrijheid),20,Tamara ten Hove,V,,,,,,
PVV (Partij voor de Vrijheid),21,Erwin Prickaertz,M,,,,,,
PVV (Partij voor de Vrijheid),22,Raymond de Roon,M,,,,,,
PVV (Partij voor de Vrijheid),23,Maikel Boon,M,,,,,,
PVV (Partij voor de Vrijheid),24,Annette Raijer,V,,,https://x.com/araijer_pvv?lang=en,,,
PVV (Partij voor de Vrijheid),25,Rachel van Meetelen,V,,https://nl.linkedin.com/in/rachel-van-meetelen-ab2453205,https://x.com/meetelenrachel?lang=en,https://www.instagram.com/rachelvanmeetelen/?hl=en,,
PVV (Partij voor de Vrijheid),26,Chris Jansen,M,,,,,,
PVV (Partij voor de Vrijheid),27,Max Aardema,M,,,,,,
PVV (Partij voor de Vrijheid),28,Marco Deen,M,,,,,,
PVV (Partij voor de Vrijheid),29,Jeanet Nijhof,V,https://www.pvv.nl/tweede-kamerfractie.html?view=article&id=11107&catid=103,https://nl.linkedin.com/in/jeanet-nijhof-leeuw-18908331,https://x.com/jeanet_nijhof,https://www.instagram.com/jeanetnijhof?igsh=MXFlc3UyZXBuaDhxbw==,https://www.facebook.com/jeanet.nijhof/,
PVV (Partij voor de Vrijheid),30,Henk de Vree,M,,,,,,
PVV (Partij voor de Vrijheid),31,Joeri Pool,M,,,,,,
PVV (Partij voor de Vrijheid),32,Patrick van der Hoeff,M,,,,,,
PVV (Partij voor de Vrijheid),33,Dennis Ram,M,,,,,,
PVV (Partij voor de Vrijheid),34,Patrick Crijns,M,,,,,,
PVV (Partij voor de Vrijheid),35,Peter Smitskam,M,,,,,,
PVV (Partij voor de Vrijheid),36,Willem Boutkan,M,,,,,,
PVV (Partij voor de Vrijheid),37,Folkert Thiadens,M,,,,,,
PVV (Partij voor de Vrijheid),38,Reinder Blaauw,M,,,,,,
PVV (Partij voor de Vrijheid),39,Jan Valize,M,,,,,,
PVV (Partij voor de Vrijheid),40,Chris Faddegon,M,,,,,,
PVV (Partij voor de Vrijheid),41,Canice Clermonts,V,,https://nl.linkedin.com/in/canice-clermonts,,,,
PVV (Partij voor de Vrijheid),42,Nico Uppelschoten,M,,,,,,
PVV (Partij voor de Vrijheid),43,Peter van Haasen,M,,,,,,
PVV (Partij voor de Vrijheid),44,Eric Esser,M,,,,,,
PVV (Partij voor de Vrijheid),45,Robert Rep,M,,,,,,
PVV (Partij voor de Vrijheid),46,Cees Riezebos,M,,,,,,
PVV (Partij voor de Vrijheid),47,Sylvia Grobben,V,,https://www.linkedin.com/in/sylvia-grobben-1a8216233/?originalSubdomain=nl,https://x.com/SGrobben/status/1968717528147849725,,,
PVV (Partij voor de Vrijheid),48,Bart Megens,M,,,,,,
PVV (Partij voor de Vrijheid),49,Wim Ubaghs,M,,,,,,
PVV (Partij voor de Vrijheid),50,Alberto Blömer,M,,,,,,
PVV (Partij voor de Vrijheid),51,Anita Hendriks,V,,,https://x.com/anitahendriks68,,https://www.facebook.com/anita.hendriks.900/,
PVV (Partij voor de Vrijheid),52,Job de Graaf,M,,,,,,
PVV (Partij voor de Vrijheid),53,Frank Feeburg,M,,,,,,
PVV (Partij voor de Vrijheid),54,Serge Ritzen,M,,,,,,
PVV (Partij voor de Vrijheid),55,Daniel de Moel,M,,,,,,
PVV (Partij voor de Vrijheid),56,Pieter de Boer,M,,,,,,
PVV (Partij voor de Vrijheid),57,Jeroen Ahrens,M,,,,,,
PVV (Partij voor de Vrijheid),58,Bjorn Roos,M,,,,,,
PVV (Partij voor de Vrijheid),59,Stefan Smits,M,,,,,,
PVV (Partij voor de Vrijheid),60,Alexander Casteleijn,M,,,,,,
PVV (Partij voor de Vrijheid),61,Roel van Bijnen,M,,,,,,
PVV (Partij voor de Vrijheid),62,Peter van Valderen,M,,,,,,
PVV (Partij voor de Vrijheid),63,Menno de Vries,M,,,,,,
PVV (Partij voor de Vrijheid),64,Daryl Pfoster,M,,,,,,
PVV (Partij voor de Vrijheid),65,Jorrit Griesen,M,,,,,,
PVV (Partij voor de Vrijheid),66,India Zandman,V,,https://nl.linkedin.com/in/india-zandman-41523187,https://x.com/IndiaZandman,https://www.instagram.com/indiazandman/,,
PVV (Partij voor de Vrijheid),67,Saskia Alberts,V,,https://nl.linkedin.com/in/saskia-rutten-alberts-13b522215,https://x.com/sasenco01?lang=en,https://www.instagram.com/saskia.ruttenalberts/?hl=en,,
PVV (Partij voor de Vrijheid),68,Kelly Blauw,V,,https://www.linkedin.com/in/kelly-blauw/?originalSubdomain=nl,https://x.com/Rechtsevrouwen,,,
PVV (Partij voor de Vrijheid),69,Thijs Klaassen,M,,,,,,
PVV (Partij voor de Vrijheid),70,Christiaan Benerink,M,,,,,,
PVV (Partij voor de Vrijheid),71,Ashwin van Stormbroek,M,,,,,,
PVV (Partij voor de Vrijheid),72,Natasja Cornelisse,V,,https://nl.linkedin.com/in/natasja-cornelisse-b75265269,https://x.com/natasjacorneli1,https://www.instagram.com/natasjacornelisse?igsh=MXgybDVtamVoeGhzOQ==,,
PVV (Partij voor de Vrijheid),73,Serena Liesveld,V,,https://nl.linkedin.com/in/serenaliesveld,,,,
PVV (Partij voor de Vrijheid),74,Nathalie Choenni,V,,,,,,
PVV (Partij voor de Vrijheid),75,Ton van Kesteren,M,,,,,,
PVV (Partij voor de Vrijheid),76,Ilse Bezaan,V,,,https://x.com/ilsebezaan?lang=en,,,
PVV (Partij voor de Vrijheid),77,Rachel Blom,V,,https://nl.linkedin.com/in/rachel-blom-19a12bb8,https://x.com/RachelBlom1987/status/1966436087707980121,,,
PVV (Partij voor de Vrijheid),78,Marieke Ehlers,V,,https://be.linkedin.com/in/marieke-ehlers-741a3726,https://x.com/MariekeEhlers?ref_src=twsrc%5Egoogle%7Ctwcamp%5Eserp%7Ctwgr%5Eauthor,,,
PVV (Partij voor de Vrijheid),79,Alexander van Hattem,M,,,,,,
PVV (Partij voor de Vrijheid),80,Barry Madlener,M,,,,,,
Staatkundig Gereformeerde Partij (SGP),1,Chris Stoffer,M,,,,,,
Staatkundig Gereformeerde Partij (SGP),2,Diederik van Dijk,M,,,,,,
Staatkundig Gereformeerde Partij (SGP),3,André Flach,M,,,,,,
Staatkundig Gereformeerde Partij (SGP),4,Nathanaël Middelkoop,M,,,,,,
Staatkundig Gereformeerde Partij (SGP),5,Wouter-Jan Vroegindeweij,M,,,,,,
Staatkundig Gereformeerde Partij (SGP),6,Harry van der Maas,M,,,,,,
Staatkundig Gereformeerde Partij (SGP),7,Henk van der Wind,M,,,,,,
Staatkundig Gereformeerde Partij (SGP),8,Dick Both,M,,,,,,
Staatkundig Gereformeerde Partij (SGP),9,Jan Kloosterman,M,,,,,,
Staatkundig Gereformeerde Partij (SGP),10,Johan Roodnat,M,,,,,,
Staatkundig Gereformeerde Partij (SGP),11,Adriaan van der Wulp,M,,,,,,
Staatkundig Gereformeerde Partij (SGP),12,Harm Jan Polinder,M,,,,,,
Staatkundig Gereformeerde Partij (SGP),13,Maarten Slingerland,M,,,,,,
Staatkundig Gereformeerde Partij (SGP),14,Wim van Duijn,M,,,,,,
Staatkundig Gereformeerde Partij (SGP),15,Leo Barth,M,,,,,,
Staatkundig Gereformeerde Partij (SGP),16,Johnny Lukasse,M,,,,,,
Staatkundig Gereformeerde Partij (SGP),17,Hans Tanis,M,,,,,,
Staatkundig Gereformeerde Partij (SGP),18,Ewart Bosma,M,,,,,,
Staatkundig Gereformeerde Partij (SGP),19,Geert Schipaanboord,M,,,,,,
Staatkundig Gereformeerde Partij (SGP),20,Arnold Versteeg,M,,,,,,
Staatkundig Gereformeerde Partij (SGP),21,Jan Hartog,M,,,,,,
Staatkundig Gereformeerde Partij (SGP),22,Tom Koekoek,M,,,,,,
Staatkundig Gereformeerde Partij (SGP),23,Leendert de Knegt,M,,,,,,
Staatkundig Gereformeerde Partij (SGP),24,Gert van Leeuwen,M,,,,,,
Staatkundig Gereformeerde Partij (SGP),25,Berend de Boer,M,,,,,,
Staatkundig Gereformeerde Partij (SGP),26,Wim Kok,M,,,,,,
Staatkundig Gereformeerde Partij (SGP),27,Jan Kuijers,M,,,,,,
Staatkundig Gereformeerde Partij (SGP),28,Henk van Zelst,M,,,,,,
Staatkundig Gereformeerde Partij (SGP),29,Rob Bource,M,,,,,,
Staatkundig Gereformeerde Partij (SGP),30,Lubbert Talen,M,,,,,,
Staatkundig Gereformeerde Partij (SGP),31,Jan Baijense,M,,,,,,
Staatkundig Gereformeerde Partij (SGP),32,Henk Bulten,M,,,,,,
Staatkundig Gereformeerde Partij (SGP),33,Jan Top,M,,,,,,
Staatkundig Gereformeerde Partij (SGP),34,Lambert Kisteman,M,,,,,,
Staatkundig Gereformeerde Partij (SGP),35,Lourens van Bruchem,M,,,,,,
Staatkundig Gereformeerde Partij (SGP),36,Bertrick van de Dikkenberg,M,,,,,,
Staatkundig Gereformeerde Partij (SGP),37,Hendrik Herweijer,M,,,,,,
Staatkundig Gereformeerde Partij (SGP),38,Gert van Laar,M,,,,,,
Staatkundig Gereformeerde Partij (SGP),39,André Scheppink,M,,,,,,
Staatkundig Gereformeerde Partij (SGP),40,Ruben van Heteren,M,,,,,,
Staatkundig Gereformeerde Partij (SGP),41,Bernard van den Belt,M,,,,,,
Staatkundig Gereformeerde Partij (SGP),42,Daniël van Iwaarden,M,,,,,,
Staatkundig Gereformeerde Partij (SGP),43,Jan-Bert Heinen,M,,,,,,
Staatkundig Gereformeerde Partij (SGP),44,Willem-Jan Verdoes,M,,,,,,
Staatkundig Gereformeerde Partij (SGP),45,Jan Lock,M,,,,,,
Staatkundig Gereformeerde Partij (SGP),46,Joan van Burg,M,,,,,,
Staatkundig Gereformeerde Partij (SGP),47,Kees Vermaat,M,,,,,,
Staatkundig Gereformeerde Partij (SGP),48,Leendert van Tuijl,M,,,,,,
Staatkundig Gereformeerde Partij (SGP),49,Gerbrand van Hoef,M,,,,,,
Staatkundig Gereformeerde Partij (SGP),50,Florian Pronk,M,,,,,,
SP (Socialistische Partij),1,Jimmy Dijk,M,,,,,,
SP (Socialistische Partij),2,Sandra Beckerman,V,https://www.sp.nl/onze-mensen/sandra-beckerman,,https://x.com/sandrabeckerman,https://www.instagram.com/sandra_beckerman/?hl=en,https://www.facebook.com/sandra.beckerman.9/,https://bsky.app/profile/sandrabeckerman.bsky.social
SP (Socialistische Partij),3,Sarah Dobbe,V,https://sp.nl/onze-mensen/sarah-dobbe,https://nl.linkedin.com/in/sarah-dobbe-0a84a821,https://x.com/sarahdobbe,https://www.instagram.com/dobbesarah/?hl=en,https://www.facebook.com/SarahDobbeSP (Socialistische Partij)/,
SP (Socialistische Partij),4,Bastiaan Meijer,M,,,,,,
SP (Socialistische Partij),5,Maurits Hondmann,M,,,,,,
SP (Socialistische Partij),6,Gerrie Elfrink,M,,,,,,
SP (Socialistische Partij),7,Sebastiaan van den Hout,M,,,,,,
SP (Socialistische Partij),8,Sunita Biharie,V,,https://nl.linkedin.com/in/sunita-biharie-%F0%9F%8D%85-6a78b549,https://x.com/sbiharie80?lang=en,https://www.instagram.com/sunita_biharie/,,https://bsky.app/profile/sunitabiharie.bsky.social
SP (Socialistische Partij),9,Stephanie Blom,V,https://maastricht.sp.nl/onze-mensen/stephanie-blom/,https://nl.linkedin.com/in/blomstephanie,,,,
SP (Socialistische Partij),10,Ruud Kuin,M,,,,,,
SP (Socialistische Partij),11,Leroy Vossenberg,M,,,,,,
SP (Socialistische Partij),12,Anne Cramer,V,https://leiden.sp.nl/onze-mensen/anne-cramer/,,https://x.com/cramermeteenc?lang=en,https://www.instagram.com/cramermeteenc/?hl=en,,https://bsky.app/profile/annecramer.bsky.social
SP (Socialistische Partij),13,Amber Witsenburg,V,,https://nl.linkedin.com/in/amber-witsenburg-615754108,,,,
SP (Socialistische Partij),14,Erica Wever,V,,,,,,
SP (Socialistische Partij),15,Mathijs ten Broeke,M,,,,,,
SP (Socialistische Partij),16,Thomas van Halm,M,,,,,,
SP (Socialistische Partij),17,Steven Peltenburg,M,,,,,,
SP (Socialistische Partij),18,Lieke van Rossum,V,https://www.sp.nl/onze-mensen/lieke-van-rossum,https://nl.linkedin.com/in/lieke-van-rossum-7b23464,,https://www.instagram.com/lieke_vanrossum/?locale=nl&hl=af,,
SP (Socialistische Partij),19,Madeleine Boer,V,https://lelystad.sp.nl/onze-mensen/madeleine-boer/,https://nl.linkedin.com/in/madeleine-boer-0680a882,,,,
SP (Socialistische Partij),20,Mustapha Eaisaouiyen,M,,,,,,
SP (Socialistische Partij),21,Joost van der Sluis,M,,,,,,
SP (Socialistische Partij),22,Sandra Drost,V,https://zwolle.sp.nl/onze-mensen/sandra-drost/,https://nl.linkedin.com/in/sandra-drost-618bb5a5,https://x.com/sandradrost,,,
SP (Socialistische Partij),23,Sam Schwarz,M,,,,,,
SP (Socialistische Partij),24,Ruud Merks,M,,,,,,
SP (Socialistische Partij),25,Michel van Winden,M,,,,,,
SP (Socialistische Partij),26,Inge Verdaasdonk,V,https://breda.sp.nl/onze-mensen/inge-verdaasdonk/,https://nl.linkedin.com/in/inge-verdaasdonk-003b883,https://x.com/inge75?lang=en,https://www.instagram.com/oma.breda?igsh=MTV2Mnd0aDBxc2t1MA==,https://www.facebook.com/ikke.402,
SP (Socialistische Partij),27,Dane Harris,M,,,,,,
SP (Socialistische Partij),28,Dani Smith,M,,,,,,
SP (Socialistische Partij),29,Edith Kuitert,V,https://terneuzen.sp.nl/onze-mensen/edith-kuitert/,https://nl.linkedin.com/in/edith-kuitert-4ba7a582,,https://www.instagram.com/edith.kuitert?igsh=MTF4Z3doam41ZHRhaA==,https://www.facebook.com/edith.kuitert/,
SP (Socialistische Partij),30,Hanneke Goede,V,https://sp.nl/onze-mensen/hanneke-goede,https://nl.linkedin.com/in/hanneke-goede-b0526b179,,https://www.instagram.com/hangoede/?hl=en,https://www.facebook.com/HannGoede/,
SP (Socialistische Partij),31,Erik Schapendonk,M,,,,,,
SP (Socialistische Partij),32,Xander Topma,M,,,,,,
SP (Socialistische Partij),33,Jorge Wolters Gregório,M,,,,,,
SP (Socialistische Partij),34,Anna Moriarty Linthorst,V,https://maastricht.sp.nl/onze-mensen/anna-moriarty-linthorst/,,,,,
SP (Socialistische Partij),35,Angelo Alessandro Delsen,M,,,,,,
SP (Socialistische Partij),36,Emin Başoğlu,M,,,,,,
SP (Socialistische Partij),37,Ruth de Kleijn,V,,,,,,
SP (Socialistische Partij),38,Anne-Marie Mineur,V,https://www.sp.nl/onze-mensen/anne-marie-mineur,https://nl.linkedin.com/in/annemariemineur,https://x.com/AnneMarieMineur,,,https://bsky.app/profile/annemariemineur.bsky.social
SP (Socialistische Partij),39,Yurre Wieken,M,,,,,,
SP (Socialistische Partij),40,Jaswinder Singh,M,,,,,,
SP (Socialistische Partij),41,Jente van Eck,V,https://denbosch.sp.nl/onze-mensen/jente-van-eck,https://nl.linkedin.com/in/jente-eck-van-2457b57,https://x.com/jenteschrijft?lang=ar,https://www.instagram.com/jente_sp/,https://www.facebook.com/jente.vaneck/,
SP (Socialistische Partij),42,Lisanne Zandvliet-Oldenkamp,V,,,,,,
SP (Socialistische Partij),43,Wim Hoogervorst,M,,,,,,
SP (Socialistische Partij),44,Iris van de Kolk,V,,https://nl.linkedin.com/in/iris-van-de-kolk-ma-20229b175,https://x.com/irisvdkolk,https://www.instagram.com/irisvandekolk/?hl=en,,https://bsky.app/profile/irisvandekolk.bsky.social
SP (Socialistische Partij),45,Thom Smit,M,,,,,,
SP (Socialistische Partij),46,Erik Flentge,M,,,,,,
SP (Socialistische Partij),47,Robert Bos,M,,,,,,
SP (Socialistische Partij),48,Theo Coşkun,M,,,,,,
SP (Socialistische Partij),49,Remine Alberts,V,https://www.sp.nl/onze-mensen/remine-alberts,https://nl.linkedin.com/in/alberts-remine-a1574252,https://x.com/reminealberts?lang=en,,https://www.facebook.com/remine.alberts/,
SP (Socialistische Partij),50,Remi Poppe,M,,,,,,
Volt,1,Laurens Dassen,M,,,,,,
Volt,2,Marieke Koekkoek,V,https://voltnederland.org/mensen/marieke-koekkoek,https://www.linkedin.com/in/marieke-koekkoek/?originalSubdomain=nl,https://x.com/koekkoekmarieke,https://www.instagram.com/marieke_koekkoek/,https://www.facebook.com/people/Marieke-Koekkoek/61572002518843/#,https://bsky.app/profile/did:plc:b4lumb5k5nzmlhofbs6exe43?ref_src=embed
Volt,3,Rens de Boer,M,,,,,,
Volt,4,Simone Ritzer,V,https://voltnederland.org/mensen/4-simone-ritzer,https://www.linkedin.com/in/simoneritzer/?original_referer=https%3A%2F%2Fwww%2Egoogle%2Ecom%2F&originalSubdomain=nl,,https://www.instagram.com/simone.ritzer/,,
Volt,5,Bjorn Beijnon,M,,,,,,
Volt,6,Laura Harks,V,https://voltnederland.org/mensen/6-laura-harks,https://www.linkedin.com/in/lauraharks/,https://x.com/LauraHarks,https://www.instagram.com/laura_harks/,,
Volt,7,Jeroen Princen,M,,,,,,
Volt,8,Inge Vossen-van Beers,V,https://voltnederland.org/mensen/inge-vossen-van-beers,https://www.linkedin.com/in/inge-vossen-van-beers-60582713/,,https://www.instagram.com/ingevossenvanbeers/,https://www.facebook.com/inge.vossenvanbeers/,
Volt,9,Emre Gungor,M,,,,,,
Volt,10,Anna Veltkamp,V,https://voltnederland.org/mensen/10-anna-veltkamp,https://www.linkedin.com/in/amveltkamp/,,https://www.instagram.com/anna.veltkamp/,https://www.facebook.com/anna.veltkamp,
Volt,11,Erik Kemp,M,,,,,,
Volt,12,Monique Fikenscher,V,https://voltnederland.org/drenthe/mensen/monique-fikenscher,https://www.linkedin.com/in/monique-fikenscher-9b149a232/,,https://www.instagram.com/monique.franssen/,,
Volt,13,Roel Yska,M,,,,,,
Volt,14,Mette Blom,V,https://voltnederland.org/mensen/14-mette-blom,https://www.linkedin.com/in/mette-blom-051b4253/,,https://www.instagram.com/metjeblom.volt/,,
Volt,15,Geert van der Veer,M,,,,,,
Volt,16,Anne van den Ende,V,https://voltnederland.org/mensen/16-anne-van-den-ende,https://www.linkedin.com/in/anne-van-den-ende/,,https://www.instagram.com/anne.vandenende.volt/,,https://bsky.app/profile/annevandenende.bsky.social
Volt,17,Michael Teng-Li Tai,M,,,,,,
Volt,18,Karin Nielsen,V,https://voltnederland.org/mensen/18-karin-nielsen,https://www.linkedin.com/in/karin-nielsen-36603047/?originalSubdomain=nl,,,,
Volt,19,Jesse van Mulkom,M,,,,,,
Volt,20,Jefte Erens,V,https://voltnederland.org/mensen/20-jefte-erens,https://www.linkedin.com/in/jefteerens/,,https://www.instagram.com/jefteerens/,,
Volt,21,Wiebe van den Ende,M,,,,,,
Volt,22,Jolijn van der Linden,V,https://voltnederland.org/mensen/22-jolijn-van-der-linden,https://www.linkedin.com/in/jolijn-van-der-linden-734324202/?original_referer=https%3A%2F%2Fwww%2Egoogle%2Ecom%2F&originalSubdomain=nl,,https://www.instagram.com/lindenjolijn/,,
Volt,23,Matthijs Nieuwenhuis,M,,,,,,
Volt,24,Novella Rasenberg,V,https://voltnederland.org/mensen/24-novella-rasenberg,https://www.linkedin.com/in/nova-rasenberg-8a6005213/,,https://www.instagram.com/novalinskii/,,https://bsky.app/profile/nova-political.bsky.social
Volt,25,Temitope Areago,M,,,,,,
Volt,26,Annemieke van der Linden,V,https://voltnederland.org/mensen/26-annemieke-van-der-linden,https://www.linkedin.com/in/annemieke-van-der-linden-306911376/,,,,
Volt,27,Leslie Scherbeijn,M,,,,,,
Volt,28,Laura van Strien,V,https://voltnederland.org/mensen/28-laura-van-strien,https://www.linkedin.com/in/lauravanstrien/,https://x.com/lauravanstrien?lang=en,,,https://bsky.app/profile/lauravanstrien.bsky.social
Volt,29,Tom van Doesburg,M,,,,,,
Volt,30,Marion van Kampen,V,https://voltnederland.org/mensen/30-marion-van-kampen,https://www.linkedin.com/in/marionvankampen/,,https://www.instagram.com/marionvankampen/,,https://bsky.app/profile/marionvankampen.bsky.social
Volt,31,Sjoerd Wennekes,M,,,,,,
Volt,32,Lore Eckelmans,V,https://voltnederland.org/mensen/32-lore-eckelmans,https://www.linkedin.com/in/lore-eckelmans-77664626a/?originalSubdomain=nl,,https://www.instagram.com/lore_eckelmans/?hl=en,,
Volt,33,Christiaan Meinsma,M,,,,,,,,,,,,
Volt,34,Julia Hamel,V,https://voltnederland.org/mensen/34-julia-hamel,https://www.linkedin.com/in/julia-hamel-890a4215/,,https://www.instagram.com/juliahamel/,,https://bsky.app/profile/juliahamel.bsky.social
Volt,35,Daan Stokvis,M,,,,,,,,,,,,
Volt,36,Tris Westerman,V,https://voltnederland.org/gelderland/mensen/tris-westerman,https://www.linkedin.com/in/tris-westerman/?originalSubdomain=nl,,https://www.instagram.com/tris.westerman/,,
Volt,37,Quinten Buijs,M,,,,,,,,,,,,
Volt,38,Iris van der Veldt,V,https://voltnederland.org/mensen/38-iris-van-der-veldt,https://www.linkedin.com/in/iris-van-der-veldt-764b4014b/,,https://www.instagram.com/irissophia_v/,,
Volt,39,Mark Croes,M,,,,,,,,,,,,
Volt,40,Vivienne van der Veen,V,https://voltnederland.org/gelderland/mensen/vivienne-van-der-veen,https://www.linkedin.com/in/vivienne-van-der-veen-6771a13a/?originalSubdomain=nl,,https://www.instagram.com/viviennevdvvolt?igsh=MTd5ejZwMnhhYzhwOQ==,,
Volt,41,Giovanni Hagen,M,,,,,,,,,,,,
Volt,42,Adda van Zanden,V,https://voltnederland.org/mensen/42-adda-van-zanden,https://www.linkedin.com/in/adda-van-zanden-507202b/,,https://www.instagram.com/addavanzanden/,,
Volt,43,Bart Klijnsma,M,,,,,,,,,,,,
Vrede voor Dieren,1,Pascale Plusquin,V,https://vredevoordieren.nl/onze-kandidaten/,https://nl.linkedin.com/in/pascaleplusquin,https://twitter.com/pascaleplusquin,https://www.instagram.com/pascaleplusquin/?hl=en,,https://bsky.app/profile/pascaleplusquin.bsky.social
Vrede voor Dieren,2,Ruud van der Velden,M,,,,,,
Vrede voor Dieren,3,Arabella Burgers,V,https://vredevoordieren.nl/onze-kandidaten/,https://nl.linkedin.com/in/arabella-burgers-89b4a830,https://x.com/vet_bella,,,https://bsky.app/profile/arabellaburgers.bsky.social
Vrede voor Dieren,4,Ewald Engelen,M,,,,,,
Vrede voor Dieren,5,Harry Voss,M,,,,,,
Vrede voor Dieren,6,Anne Hanssen,V,https://vredevoordieren.nl/onze-kandidaten/,https://nl.linkedin.com/in/anne-hanssen-730b6b12a,,,,
Vrede voor Dieren,7,Rosanna Huertas Mulckhuyse,V,https://vredevoordieren.nl/onze-kandidaten/,,https://x.com/rosannahuertas,https://www.instagram.com/rosannahm?igsh=MTN2YXd3dTJobnkxYw==,,
Vrede voor Dieren,8,Lara Klaassen,V,https://vredevoordieren.nl/onze-kandidaten/,https://www.linkedin.com/in/lara-klaassen-68024412/?originalSubdomain=nl,,,,
Vrede voor Dieren,9,Sabrina van de Peppel,V,https://vredevoordieren.nl/onze-kandidaten/,https://nl.linkedin.com/in/sabrina-van-de-peppel-455a26163,https://x.com/oedeswijsheid,https://www.instagram.com/sabrina_van_de_peppel?igsh=dmN1anE0d2lpMDZz,,
Vrede voor Dieren,10,Annemieke Poutsma,V,https://vredevoordieren.nl/onze-kandidaten/,,,,,
Vrede voor Dieren,11,Simone Broekman-Falcão Pereira Gomes,V,https://vredevoordieren.nl/onze-kandidaten/,,,https://www.instagram.com/broekao?igsh=ZmozZThmbW81a2Fk,,
Vrede voor Dieren,12,Martijntje Smits,V,https://vredevoordieren.nl/onze-kandidaten/,https://www.linkedin.com/in/martijntje-smits-4248114/,https://x.com/martijntjesmits?lang=en,https://www.instagram.com/martijntje_smits?igsh=bGVkdzBlbWJkbzl0,,https://bsky.app/profile/martijntjesmits.bsky.social
Vrede voor Dieren,13,Cindy Wever,V,https://vredevoordieren.nl/onze-kandidaten/,,,,,
Vrede voor Dieren,14,Paul Savelkouls,M,,,,,,
Vrede voor Dieren,15,Mattheus Bleijenberg,M,,,,,,
Vrede voor Dieren,16,Olivia van Tergouw,V,https://vredevoordieren.nl/onze-kandidaten/,,https://x.com/oliviafeniks/with_replies,,https://www.facebook.com/katyolivia.tergouw/,
Vrede voor Dieren,17,Hennie Stevens,V,https://vredevoordieren.nl/onze-kandidaten/,,https://x.com/henniez58?lang=ar,,,
Vrede voor Dieren,18,Judith Kochen,V,https://vredevoordieren.nl/onze-kandidaten/,https://nl.linkedin.com/in/judith-kochen-a986b49,,,,
Vrede voor Dieren,19,Aad van der Waal,M,,,,,,
Vrede voor Dieren,20,Ineke van den Abeele,V,https://vredevoordieren.nl/onze-kandidaten/,,,,,
Vrede voor Dieren,21,Bob Hagen,M,,,,,,
Vrede voor Dieren,22,Norma Miedema,V,https://vredevoordieren.nl/onze-kandidaten/,,https://x.com/normasuniversum,https://www.instagram.com/normamiedema/?hl=en,https://www.facebook.com/105056072368259/,
Vrede voor Dieren,23,Monique Schouten,V,https://moniqueschoutenblog.wordpress.com/,https://nl.linkedin.com/in/monika-schouten-38246013,https://x.com/moschouten,,,https://bsky.app/profile/moonchild62.bsky.social
Vrede voor Dieren,24,Jurgen Suurmeijer,M,,,,,,
Vrede voor Dieren,25,Annemarie van Gelder,V,https://vredevoordieren.nl/onze-kandidaten/,https://nl.linkedin.com/in/annemarie-van-gelder-75237961,,https://www.instagram.com/amevgvg?igsh=dWl3ZHc3MDJuZHhl,,
Vrede voor Dieren,26,Hans Bok,M,,,,,,
Vrede voor Dieren,27,Jeroen Koedam,M,,,,,,
Vrede voor Dieren,28,Theo van den Elsen,M,,,,,,
Vrede voor Dieren,29,Myrna van de Laar,V,https://vredevoordieren.nl/onze-kandidaten/,https://nl.linkedin.com/in/myrnavandelaar,https://x.com/myrnavdl?lang=bg,https://www.instagram.com/myrnavandelaar?igsh=MTd6eHVtOXpmc3I5ZA==,,
Vrede voor Dieren,30,Rita Holtslag,V,https://vredevoordieren.nl/onze-kandidaten/,,,,,
Vrede voor Dieren,31,Henk Baars,M,,,,,,
Vrede voor Dieren,32,Belinda Meuldijk,V,https://vredevoordieren.nl/onze-kandidaten/,,,https://www.instagram.com/belindameuldijk?igsh=MTh6cW9jdXJzb3Ezdw==,,
Vrede voor Dieren,33,Hans Bouma,M,,,,,,,,,,,,
Vrij Verbond,1,Bart Burggraaf,M,,,,,,
Vrij Verbond,2,Mario Voorbij,M,,,,,,
Vrij Verbond,3,Johan Zijlstra,M,,,,,,
Vrij Verbond,4,Carin Tawfik,V,https://vrijverbond.nl/mensen/carin-tawfik/,https://www.linkedin.com/in/carin-tawfik-6a6722193/?originalSubdomain=nl,https://x.com/Carin_tawfik/status/1962399443237454042,https://www.instagram.com/tawfik._/?hl=en,,https://bsky.app/profile/ctawfik.bsky.social
Vrij Verbond,5,Nando Jansen,M,,,,,,
Vrij Verbond,6,Wendy Struijk,V,https://vrijverbond.nl/mensen/wendy-struijk/,https://www.linkedin.com/in/wendy-struijk-rfm-9573b562/,https://x.com/wenstru,,,
Vrij Verbond,7,Irene van der Marel,V,https://vrijverbond.nl/mensen/irene-van-der-marel/,https://nl.linkedin.com/in/irenevandermarel,https://x.com/irene_marel/status/1969274821461598698,https://www.instagram.com/irenevandermarel70?igsh=ZmZ3MWwxaHNvcGZn,https://www.facebook.com/irene.vandevoort.3/,
Vrij Verbond,8,Antoon Huigens,M,,,,,,
Vrij Verbond,9,Cees Schaap,M,,,,,,
Vrij Verbond,10,Rik Kleinsmit,M,,,,,,
Vrij Verbond,11,Marc Roodveldt,M,,,,,,
Vrij Verbond,12,Pallieter Koopmans,M,,,,,,
VVD,1,Dilan Yeşilgöz-Zegerius,V,https://www.vvd.nl/profielen/dilan-yesilgoz-zegerius/,https://nl.linkedin.com/in/dilanyesilgoz,https://x.com/dilanyesilgoz,https://www.instagram.com/dilanyesilgoz_/?hl=en,https://www.facebook.com/dilanyesilgoz/?locale=sv_SE,
VVD,2,Eelco Heinen,M,,,,,,
VVD,3,Ruben Brekelmans,M,,,,,,
VVD,4,Vincent Karremans,M,,,,,,
VVD,5,Eric van der Burg,M,,,,,,
VVD,6,Bente Becker,V,https://www.vvd.nl/profielen/bente-becker/,https://nl.linkedin.com/in/bente-becker-0608065,https://x.com/bentebecker?lang=en,https://www.instagram.com/bentebecker/?hl=en,https://www.facebook.com/bentebecker14/,
VVD,7,Wendy van Eijk-Nagel,V,https://www.vvd.nl/profielen/wendy-van-eijk-nagel/,https://nl.linkedin.com/posts/wendyvaneijk_wendy-van-eijk-nagel-vvd-activity-7128669852189224961-m-tB?trk=public_profile,https://x.com/wveijknagel?lang=en,https://www.instagram.com/wendy.van.eijk/?hl=en,,
VVD,8,Silvio Erkens,M,,,,,,
VVD,9,Claire Martens-America,V,https://www.vvd.nl/profielen/claire-martens-america/,https://nl.linkedin.com/in/claire-martens-america-4970a569,https://x.com/ClaireMartens3?ref_src=twsrc%5Egoogle%7Ctwcamp%5Eserp%7Ctwgr%5Eauthor,https://www.instagram.com/claire.martens/?hl=en,,
VVD,10,Jurgen Nobel,M,,,,,,
VVD,11,Thom van Campen,M,,,,,,
VVD,12,Queeny-Aimée Rajkowski,V,https://www.vvd.nl/profielen/queeny-aimee-rajkowski/,https://nl.linkedin.com/in/queenyrajkowski,https://x.com/queenyraj?lang=en,,https://www.facebook.com/queenyr/,
VVD,13,Ulysse Ellian,M,,,,,,
VVD,14,Thierry Aartsen,M,,,,,,
VVD,15,Ingrid Michon-Derkzen,V,https://www.vvd.nl/profielen/ingrid-michon-derkzen/,https://nl.linkedin.com/in/ingrid-michon-derkzen-9a47b520,https://x.com/ingridmichon?lang=en,https://www.instagram.com/ingridmichon_vvd?igsh=MXg1ZjY4ejEwazhhMA==,https://www.facebook.com/p/Ingrid-Michon-Derkzen-100010285988537/,
VVD,16,Peter de Groot,M,,,,,,
VVD,17,Harry Bevers,M,,,,,,
VVD,18,Renate den Hollander,V,https://www.vvd.nl/profielen/renate-den-hollander/,https://nl.linkedin.com/in/renatedenhollander,https://x.com/renatemas?lang=en,https://www.instagram.com/renate.denhollander1/,https://www.facebook.com/renate.denhollander1/,
VVD,19,Arend Kisteman,M,,,,,,
VVD,20,Daan de Kort,M,,,,,,
VVD,21,Hilde Wendel,V,https://www.vvd.nl/profielen/hilde-wendel-2/,https://nl.linkedin.com/in/hilde-wendel-809070b6,https://x.com/wendel_hilde,https://www.instagram.com/hilde_wendel/,,
VVD,22,Björn Schutz,M,,,,,,
VVD,23,Bart Bikkers,M,,,,,,
VVD,24,Alisha Müller,V,https://www.vvd.nl/profielen/alisha-muller/,https://nl.linkedin.com/in/alisha-m%C3%BCller-4a475177,https://x.com/alishamuller?lang=en,https://www.instagram.com/alishamuller_/,,
VVD,25,Wim Meulenkamp,M,,,,,,
VVD,26,Martin de Beer,M,,,,,,
VVD,27,Nicole Maes,V,https://www.vvd.nl/profielen/nicole-maes/,https://nl.linkedin.com/in/nicole-maes-2601154,,https://www.instagram.com/nicole74_maes?igsh=Y3A5NWs4NDJxem9n,https://m.facebook.com/nicole.maes.714/,
VVD,28,Erik van der Maas,M,,,,,,
VVD,29,Ruud Verkuijlen,M,,,,,,
VVD,30,Dieke van Groningen-de Haas,V,https://www.vvd.nl/profielen/dieke-van-groningen-de-haas/,https://nl.linkedin.com/in/diekevangroningen,https://x.com/diekevgroningen?lang=en,https://www.instagram.com/ddhvgr?igsh=MW0xbzJrODhodWoxNQ==,https://www.facebook.com/diekevvd/?locale=nl_NL,
VVD,31,Soler Berk,M,,,,,,
VVD,32,Simone Richardson,V,https://www.vvd.nl/profielen/simone-richardson-3/,https://nl.linkedin.com/in/richardsonsimone,https://x.com/s_richardson?lang=en,https://www.instagram.com/simone.richardson/?hl=en,https://www.facebook.com/SimoneRichardson1VVD,
VVD,33,Joost Hoebink,M,,,,,,
VVD,34,Martijn Buijsse,M,,,,,,
VVD,35,Peter van Kessel,M,,,,,,
VVD,36,Vincent Janssen,M,,,,,,
VVD,37,Denise Eikelenboom,V,https://www.vvd.nl/profielen/denise-eikelenboom/,https://www.linkedin.com/in/deniseeikelenboom/,,,,
VVD,38,Stijn Nijssen,M,,,,,,
VVD,39,Jeroen Hartsuiker,M,,,,,,
VVD,40,Ellis Zeeuw van der Laan,V,https://www.vvd.nl/profielen/ellis-zeeuw-van-der-laan-2/,https://nl.linkedin.com/in/ellis-zeeuw-van-der-laan-545b684,,2 actieve profielen: https://www.instagram.com/elliszeeuw?igsh=bmduc2t2d2R2czkx; https://www.instagram.com/elliszeeuw_?igsh=NTh5cGh3cHJ4Ym9i,,
VVD,41,Remco Yizhak Cooremans,M,,,,,,
VVD,42,Thomas Melisse,M,,,,,,
VVD,43,Barry Hoogezand,M,,,,,,
VVD,44,Angela Huckriede,V,https://www.vvd.nl/profielen/angela-huckriede/,https://nl.linkedin.com/in/angelahuckriede,,,,
VVD,45,Jeroen van Dijken,M,,,,,,
VVD,46,Mirjam Nelisse,V,https://www.mirjamnelisse.nl/,https://nl.linkedin.com/in/mirjamnelisse/en,https://x.com/mirjamnelisse?lang=en,https://www.instagram.com/mirjamnelisse/?hl=en,https://www.facebook.com/mirjam.nelisse.politiek/,https://bsky.app/profile/mirjamnelisse.bsky.social
VVD,47,Jeroen Verwoort,M,,,,,,
VVD,48,Nupur Kohli,V,https://nupurvoornederland.nl/,https://nl.linkedin.com/in/nupurkohli,https://x.com/NupurKohliNL?ref_src=twsrc%5Egoogle%7Ctwcamp%5Eserp%7Ctwgr%5Eauthor,https://www.instagram.com/drnupurkohli/?hl=en,https://www.facebook.com/drnupurkohli/,
VVD,49,Kathy Arends-Drijver,V,https://www.vvd.nl/profielen/kathy-arends-drijver-2/,https://www.linkedin.com/in/kathy-arends-3b7b0262/,,https://www.instagram.com/marjolein_vulpes_vvd/?hl=en,,
VVD,50,Marjolein Vulpes,V,https://www.vvd.nl/profielen/marjolein-vulpes-2/,,https://x.com/marjoleinvulpes?lang=en,https://www.instagram.com/marjolein_vulpes_vvd/?hl=en,https://www.facebook.com/Marjolein.Vulpes/,
VVD,51,Berend Aptroot,M,,,,,,
VVD,52,Daan Vermeulen,M,,,,,,
VVD,53,Friso Versluijs,M,,,,,,
VVD,54,Holger Rodoe,M,,,,,,
VVD,55,Jasper van Os,M,,,,,,
VVD,56,Rogier Bruin,M,,,,,,
VVD,57,Annemarie van Nieuwamerongen-Oosterkamp,V,https://www.vvd.nl/profielen/annemarie-van-nieuwamerongen-oosterkamp/,https://nl.linkedin.com/in/avna81,https://x.com/avna81?lang=en,https://www.instagram.com/annemarie_vvdzaanstad/?hl=en,https://www.facebook.com/avna81/,
VVD,58,Astrid Ens,V,https://www.vvd.nl/profielen/astrid-ens/,https://nl.linkedin.com/in/astridens,,,,
VVD,59,Christiaan Toussaint,M,,,,,,
VVD,60,Inge Simons,V,https://www.vvd.nl/profielen/inge-simons/,https://nl.linkedin.com/in/inge-simons,,https://www.instagram.com/ingevvdvenlo/,https://www.facebook.com/Iawsimons/,
VVD,61,Joachim Jansen,M,,,,,,
VVD,62,Anne van Berlo,V,https://www.vvd.nl/profielen/anne-van-berlo-2/,https://nl.linkedin.com/in/anne-van-berlo-96b5a158,,https://www.instagram.com/anne_van_berlo/,https://www.facebook.com/anne.vanberlo.9/,
VVD,63,Arend Jan van den Beld,M,,,,,,
VVD,64,Miranda Voogt,V,https://www.vvd.nl/profielen/miranda-voogt/,https://nl.linkedin.com/in/miranda-voogt-85bb8118,https://x.com/mirandavoogt?lang=en,https://www.instagram.com/miranda_voogt/,,
VVD,65,Rick Zagers,M,,,,,,
VVD,66,Johan Gadella,M,,,,,,
VVD,67,Nathalie de Visser,V,https://www.vvd.nl/profielen/nathalie-de-visser/,https://nl.linkedin.com/in/nathalie-de-visser-a456a2a,,https://www.instagram.com/digismurfin?igsh=ZHVjN290Mm05OWtm,,
VVD,68,Eddie Altenburg-Collin,M,,,,,,
VVD,69,Daan de Kruijf,M,,,,,,
VVD,70,Martijn van Dalen,M,,,,,,
VVD,71,Sebastiaan Vliegen,M,,,,,,
VVD,72,Jan-Matthijs van Eendenburg,M,,,,,,
VVD,73,Kathleen van Dijk,V,https://www.vvd.nl/profielen/kathleen-van-dijk/,https://www.linkedin.com/in/kathleen-van-dijk-012113b1/,,,,
VVD,74,Femke Vleij,V,https://www.vvd.nl/profielen/femke-vleij/,https://nl.linkedin.com/in/femke-vleij-49026711b,,,,
VVD,75,Pepijn van den Hoogenband,M,,,,,,
VVD,76,Jorin Aardoom,M,,,,,,
VVD,77,Jan-Willem Verheij,M,,,,,,
VVD,78,Lily Amani-Ayan,V,https://www.vvd.nl/profielen/lily-amani-ayan/,,,,https://www.facebook.com/p/Lily-Amani-Ayan-100081479875831/,
VVD,79,Niels van Santen,M,,,,,,
VVD,80,Colin Rijmers,M,,,,,,